Sample_ID	RBT_Omy05	WCT_Omy05	YCT_Omy05
Abbot_20_01	1	0	0
Abbot_20_03	1	0	0
Abbot_20_26	1	0	0
AdamsBR3_17_01	1	0	0
AdamsBR3_17_02	1	0	0
AdamsBR3_17_03	1	0	0
AdamsBR3_17_07	1	0	0
AdamsBR3_17_09	1	0	0
AdamsBR3_17_11	1	0	0
AdamsBR3_17_12	1	0	0
AdamsBR3_17_13	1	0	0
AdamsBR3_17_15	1	0	0
AdamsBR3_17_19	1	0	0
AdamsBR3_17_20	1	0	0
AdamsBR3_17_22	1	0	0
AdamsBR3_17_24	1	0	0
AdamsBR3_17_25	1	0	0
AdamsBR3_17_28	1	0	0
ARD_20_01	1	0	0
ARD_20_02	1	0	0
ARD_20_03	1	0	0
ARD_20_05	1	0	0
ARD_20_06	1	0	0
ARD_20_07	1	0	0
ARD_20_10	1	0	0
ARD_20_11	1	0	0
ARD_20_12	1	0	0
ARD_20_13	1	0	0
ARD_20_14	1	0	0
ARD_20_15	1	0	0
ARD_20_16	1	0	0
ARD_20_17	1	0	0
ARD_20_18	1	0	0
ARD_20_20	1	0	0
ARD_20_21	1	0	0
ARD_20_22	1	0	0
ARD_20_23	1	0	0
ARD_20_24	1	0	0
ARD_20_25	1	0	0
ARD_20_26	1	0	0
ARD_20_27	1	0	0
ARD_20_28	1	0	0
ARD_20_29	1	0	0
ARD_20_30	1	0	0
ARD_20_31	1	0	0
Arlee_06_04	1	0	0
Arlee_06_05	1	0	0
Arlee_06_10	1	0	0
Arlee_06_11	1	0	0
Arlee_06_12	1	0	0
Arlee_06_14	1	0	0
Arlee_06_15	1	0	0
Arlee_06_16	1	0	0
Arlee_06_17	1	0	0
Arlee_06_18	1	0	0
Arlee_06_19	1	0	0
Arlee_06_20	1	0	0
Arlee_06_21	1	0	0
Arlee_06_22	1	0	0
Arlee_06_23	1	0	0
Arlee_06_24	1	0	0
Arlee_08_02	1	0	0
Arlee_08_07	1	0	0
Arlee_08_08	1	0	0
Arlee_08_09	1	0	0
Arlee_08_11	1	0	0
Arlee_08_13	1	0	0
Arlee_08_14	1	0	0
Arlee_08_16	1	0	0
Arlee_08_18	1	0	0
Arlee_08_20	1	0	0
Arlee_BY21_01_1	1	0	0
Arlee_BY21_01	1	0	0
Arlee_BY21_02	1	0	0
Arlee_BY21_03	1	0	0
Arlee_BY21_04	1	0	0
Arlee_BY21_05	1	0	0
Arlee_BY21_06	1	0	0
Arlee_BY21_07	1	0	0
ArleeBY_21_07	1	0	0
Arlee_BY21_08	1	0	0
Arlee_BY21_09	1	0	0
Arlee_BY21_10	1	0	0
Arlee_BY21_13	1	0	0
Arlee_BY21_15	1	0	0
Arlee_BY21_17	1	0	0
Arlee_BY21_18	1	0	0
Arlee_BY21_19	1	0	0
Arlee_BY21_20	1	0	0
Arlee_BY21_21	1	0	0
Arlee_BY21_22	1	0	0
Arlee_BY21_23	1	0	0
Arlee_BY21_24	1	0	0
Arlee_BY21_25	1	0	0
Arlee_BY21_27	1	0	0
Arlee_BY21_29	1	0	0
Arlee_BY21_30	1	0	0
AT_AB_0228	1	0	0
AT_AT_0003	1	0	0
AT_BB_0001	1	0	0
AuburnFH_14_23	0	0	1
AuburnFH_14_24	0	0	1
AuburnFH_14_25	0	0	1
AuburnFH_14_26	0	0	1
AuburnFH_14_43	0	0	1
AuburnFH_14_44	0	0	1
AuburnFH_14_45	0	0	1
AuburnFH_14_46	0	0	1
B10_21_17	1	0	0
Baree_17_121	0	1	0
Baree_17_122	0	1	0
Baree_17_123	0	1	0
Baree_17_124	0	1	0
Baree_17_125	0	1	0
Baree_17_126	0	1	0
Baree_17_128	0	0.99222	0.00777981
Baree_17_129	0	1	0
Baree_17_130	0	1	0
Baree_17_131	0	1	0
Baree_17_132	0	1	0
Baree_17_133	0	1	0
Baree_17_134	0	1	0
Baree_17_135	0	1	0
Baree_17_136	0	1	0
Baree_17_137	0	1	0
Baree_17_138	0	1	0
Baree_17_139	0	0.996351	0.00364856
Baree_17_140	0	1	0
Baree_17_141	0	1	0
Baree_17_142	0	1	0
Baree_17_143	0	1	0
Baree_17_144	0	0.952322	0.0476785
Baree_17_145	0	1	0
Baree_17_146	0	1	0
Baree_17_147	0	1	0
Baree_17_149	0	1	0
Baree_17_150	0	1	0
BC1_23_01	1	0	0
BC2_23_01	1	0	0
BC2_23_02	1	0	0
BC2_23_04	1	0	0
BC3_23_01	1	0	0
BC3_23_02	1	0	0
BCC1_23_01	1	0	0
BCC1_23_03	1	0	0
Bear_17_184	1	0	0
Bear_17_200	1	0	0
Bear_17_201	1	0	0
Bear_17_202	1	0	0
Bear_17_203	1	0	0
Bear_17_205	1	0	0
Bear_17_208	1	0	0
Bear_17_209	1	0	0
Bear_17_210	1	0	0
Bear_21_001	1	0	0
Bear_21_002	1	0	0
Bear_21_003	1	0	0
Bear_21_004	1	0	0
Bear_21_005	1	0	0
Bear_21_006	1	0	0
Bear_21_007	1	0	0
Bear_21_008	1	0	0
Bear_21_009	1	0	0
Bear_21_010	1	0	0
Bear_21_011	1	0	0
Bear_21_013	1	0	0
Bear_21_014	1	0	0
Bear_21_015	1	0	0
Bear_21_016	1	0	0
Bear_21_017	1	0	0
Bear_21_018	1	0	0
Bear_21_019	1	0	0
Bear_21_021	1	0	0
Bear_21_022	1	0	0
Bear_21_023	1	0	0
Bear_21_024	1	0	0
Bear_21_026	1	0	0
Bear_21_027	1	0	0
Bear_21_028	1	0	0
Bear_21_029	1	0	0
Bear_21_030	1	0	0
Bear_21_031	1	0	0
Bear_21_032	1	0	0
Bear_21_033	1	0	0
Bear_21_034	1	0	0
Bear_21_035	1	0	0
Bear_21_036	1	0	0
Bear_21_037	1	0	0
Bear_21_038	1	0	0
Bear_21_039_1	1	0	0
Bear_21_039	1	0	0
Bear_21_040	1	0	0
Bear_21_041	1	0	0
Bear_21_042	1	0	0
Bear_21_043	1	0	0
Bear_21_044	1	0	0
Bear_21_045	1	0	0
Bear_21_046	1	0	0
Bear_21_047	1	0	0
Bear_21_048	1	0	0
Bear_21_049	1	0	0
Bear_21_050	1	0	0
Bear_21_051	1	0	0
Bear_21_052	1	0	0
Bear_21_053	1	0	0
Bear_21_054	1	0	0
Bear_21_055	1	0	0
Bear_21_056	1	0	0
Bear_21_057	1	0	0
Bear_21_058	1	0	0
Bear_21_061	1	0	0
Bear_21_062	1	0	0
Bear_21_063	1	0	0
Bear_21_064	1	0	0
Bear_21_065	1	0	0
Bear_21_066	1	0	0
Bear_21_067	1	0	0
Bear_21_068	1	0	0
Bear_21_069	1	0	0
Bear_21_070	1	0	0
Bear_21_071	1	0	0
Bear_21_072	1	0	0
Bear_21_073	1	0	0
Bear_21_074	1	0	0
Bear_21_075	1	0	0
Bear_21_076	1	0	0
Bear_21_077	1	0	0
Bear_21_078	1	0	0
Bear_21_079	1	0	0
Bear_21_080	1	0	0
Bear_21_081	1	0	0
Bear_21_083	1	0	0
Bear_21_084	1	0	0
Bear_21_086	1	0	0
Bear_21_087	1	0	0
Bear_21_088	1	0	0
Bear_21_089	1	0	0
Bear_21_090	1	0	0
Bear_21_091	1	0	0
Bear_21_092	1	0	0
Bear_21_094	1	0	0
Bear_21_095	1	0	0
Bear_21_096	1	0	0
Bear_21_097	1	0	0
Bear_21_098	1	0	0
Bear_21_099	1	0	0
Bear_21_100	1	0	0
Bear_21_101	1	0	0
Bear_21_102	1	0	0
Bear_21_103	1	0	0
Bear_24_001	1	0	0
Bear_24_002_1	1	0	0
Bear_24_002	1	0	0
Bear_24_003	1	0	0
Bear_24_004	1	0	0
Bear_24_005	1	0	0
Bear_24_007	1	0	0
Bear_24_008	1	0	0
Bear_24_009	1	0	0
Bear_24_012	1	0	0
Bear_24_013	1	0	0
Bear_24_014	1	0	0
Bear_24_015	1	0	0
Bear_24_016	1	0	0
Bear_24_017	1	0	0
Bear_24_018	1	0	0
Bear_24_019	1	0	0
Bear_24_020	1	0	0
Bear_24_021	1	0	0
Bear_24_022	1	0	0
Bear_24_023	1	0	0
Bear_24_024	1	0	0
Bear_24_025	1	0	0
Bear_24_027	1	0	0
Bear_24_028	1	0	0
Bear_24_029	1	0	0
Bear_24_030	1	0	0
Bear_24_031_1	1	0	0
Bear_24_031	1	0	0
Bear_24_032_1	1	0	0
Bear_24_032	1	0	0
Bear_24_033_1	1	0	0
Bear_24_033	1	0	0
Bear_24_034_1	1	0	0
Bear_24_034	1	0	0
Bear_24_035_1	1	0	0
Bear_24_035	1	0	0
Bear_24_036_1	1	0	0
Bear_24_036	1	0	0
Bear_24_037_1	1	0	0
Bear_24_037	1	0	0
Bear_24_038_1	1	0	0
Bear_24_038	1	0	0
Bear_24_039	1	0	0
Bear_24_040	1	0	0
Bear_24_041	1	0	0
Bear_24_042	1	0	0
Bear_24_043	1	0	0
Bear_24_044	1	0	0
Bear_24_045	1	0	0
Bear_24_046	1	0	0
Bear_24_047	1	0	0
Bear_24_048	1	0	0
Bear_24_049	1	0	0
Bear_24_050	1	0	0
Bear_24_051	1	0	0
Bear_24_052	1	0	0
Bear_24_053	1	0	0
Bear_24_054	1	0	0
Bear_24_055	1	0	0
Bear_24_056	1	0	0
Bear_24_057	1	0	0
Bear_24_058	1	0	0
Bear_24_059	1	0	0
Bear_24_060	1	0	0
Bear_24_061	1	0	0
Bear_24_062	1	0	0
Bear_24_063	1	0	0
Bear_24_064	1	0	0
Bear_24_065	1	0	0
Bear_24_066	1	0	0
Bear_24_067	1	0	0
Bear_24_068	1	0	0
Bear_24_069	1	0	0
Bear_24_070	1	0	0
Bear_24_071	1	0	0
Bear_24_072	1	0	0
Bear_24_073	1	0	0
Bear_24_074	1	0	0
Bear_24_075	1	0	0
Bear_24_076	1	0	0
Bear_24_077	1	0	0
Bear_24_078	1	0	0
Bear_24_079	1	0	0
Bear_24_080	1	0	0
Bear_24_081	1	0	0
Bear_24_082	1	0	0
Bear_24_083	1	0	0
Bear_24_084	1	0	0
Bear_24_086	1	0	0
Bear_24_087	1	0	0
Bear_24_088	1	0	0
Bear_24_089	1	0	0
Bear_24_090	1	0	0
Bear_24_091	1	0	0
Bear_24_092	1	0	0
Bear_24_093	1	0	0
Bear_24_094	1	0	0
Bear_24_095	1	0	0
Bear_24_096	1	0	0
Bear_24_097	1	0	0
Bear_24_098	1	0	0
Bear_24_100	1	0	0
Bear_24_101	1	0	0
Bear_24_102	1	0	0
Bear_24_105	1	0	0
BearCreek_20_001	1	0	0
BearCreek_20_002	1	0	0
BearCreek_20_003	1	0	0
BearCreek_20_004	1	0	0
BearCreek_20_006	1	0	0
BearCreek_20_007	1	0	0
BearCreek_20_008	1	0	0
BearCreek_20_009	1	0	0
BearCreek_20_010	1	0	0
BearCreek_20_011	1	0	0
BearCreek_20_012	1	0	0
BearCreek_20_013	1	0	0
BearCreek_20_014	1	0	0
BearCreek_20_015	1	0	0
BearCreek_20_016	1	0	0
BearCreek_20_017	1	0	0
BearCreek_20_018	1	0	0
BearCreek_20_019	1	0	0
BearCreek_20_020	1	0	0
BearCreek_20_021	1	0	0
BearCreek_20_023	1	0	0
BearCreek_20_024	1	0	0
BearCreek_20_025	1	0	0
BearCreek_20_026	1	0	0
BearCreek_20_027	1	0	0
BearCreek_20_028	1	0	0
BearCreek_20_029	1	0	0
BearCreek_20_030	1	0	0
BearCreek_20_031	1	0	0
BearCreek_20_032	1	0	0
BearCreek_20_033	1	0	0
BearCreek_20_034	1	0	0
BearCreek_20_035	1	0	0
BearCreek_20_036	1	0	0
BearCreek_20_037	1	0	0
BearCreek_20_038	1	0	0
BearCreek_20_039	1	0	0
BearCreek_20_040	1	0	0
BearCreek_20_041	1	0	0
BearCreek_20_042	1	0	0
BearCreek_20_043	1	0	0
BearCreek_20_044	1	0	0
BearCreek_20_045	1	0	0
BearCreek_20_046	1	0	0
BearCreek_20_047	1	0	0
BearCreek_20_048	1	0	0
BearCreek_20_049	1	0	0
BearCreek_20_050	1	0	0
BearCreek_20_051	1	0	0
BearCreek_20_052	1	0	0
BearCreek_20_053	1	0	0
BearCreek_20_054	1	0	0
BearCreek_20_055	1	0	0
BearCreek_20_056	1	0	0
BearCreek_20_057	1	0	0
BearCreek_20_058	1	0	0
BearCreek_20_059	1	0	0
BearCreek_20_060	1	0	0
BearCreek_20_061	1	0	0
BearCreek_20_062	1	0	0
BearCreek_20_063	1	0	0
BearCreek_20_064	1	0	0
BearCreek_20_065	1	0	0
BearCreek_20_066	1	0	0
BearCreek_20_067	1	0	0
BearCreek_20_068	1	0	0
BearCreek_20_069	1	0	0
BearCreek_20_070	1	0	0
BearCreek_20_071	1	0	0
BearCreek_20_072	1	0	0
BearCreek_20_073	1	0	0
BearCreek_20_074	1	0	0
BearCreek_20_075	1	0	0
BearCreek_20_076	1	0	0
BearCreek_20_077	1	0	0
BearCreek_20_078	1	0	0
BearCreek_20_079	1	0	0
BearCreek_20_080	1	0	0
BearCreek_20_081	1	0	0
BearCreek_20_082	1	0	0
BearCreek_20_083	1	0	0
BearCreek_20_084	1	0	0
BearCreek_20_085	1	0	0
BearCreek_20_087	1	0	0
BearCreek_20_089	1	0	0
BearCreek_20_090	1	0	0
BearCreek_20_091	1	0	0
BearCreek_20_092	1	0	0
BearCreek_20_093	1	0	0
BearCreek_20_094	1	0	0
BearCreek_20_095	1	0	0
BearCreek_20_096	1	0	0
BearCreek_20_097	1	0	0
BearCreek_20_098	1	0	0
BearCreek_20_099	1	0	0
BearCreek_20_100	1	0	0
BearNF_23_17	0	0	1
BearUp_22_01	1	0	0
BearUp_22_02_1	1	0	0
BearUp_22_02	1	0	0
BearUp_22_03	1	0	0
BearUp_22_04	1	0	0
BearUp_22_05	1	0	0
BearUp_22_06	1	0	0
BearUp_22_07	1	0	0
BearUp_22_08	1	0	0
BearUp_22_09	1	0	0
BearUp_22_100	1	0	0
BearUp_22_101	1	0	0
BearUp_22_103	1	0	0
BearUp_22_105	1	0	0
BearUp_22_106	1	0	0
BearUp_22_107	1	0	0
BearUp_22_108	1	0	0
BearUp_22_109	1	0	0
BearUp_22_10	1	0	0
BearUp_22_110	1	0	0
BearUp_22_111	1	0	0
BearUp_22_112	1	0	0
BearUp_22_113	1	0	0
BearUp_22_114	1	0	0
BearUp_22_115	1	0	0
BearUp_22_116	1	0	0
BearUp_22_117	1	0	0
BearUp_22_118	1	0	0
BearUp_22_119	1	0	0
BearUp_22_11	1	0	0
BearUp_22_120	1	0	0
BearUp_22_121	1	0	0
BearUp_22_12	1	0	0
BearUp_22_13	1	0	0
BearUp_22_14	1	0	0
BearUp_22_15	1	0	0
BearUp_22_16	1	0	0
BearUp_22_17	1	0	0
BearUp_22_18	1	0	0
BearUp_22_19	1	0	0
BearUp_22_20	1	0	0
BearUp_22_21	1	0	0
BearUp_22_22	1	0	0
BearUp_22_23	1	0	0
BearUp_22_24	1	0	0
BearUp_22_25	1	0	0
BearUp_22_26	1	0	0
BearUp_22_27	1	0	0
BearUp_22_28	1	0	0
BearUp_22_29	1	0	0
BearUp_22_30	1	0	0
BearUp_22_31	1	0	0
BearUp_22_32	1	0	0
BearUp_22_33	1	0	0
BearUp_22_34	1	0	0
BearUp_22_35	1	0	0
BearUp_22_36	1	0	0
BearUp_22_37	1	0	0
BearUp_22_39	1	0	0
BearUp_22_41	1	0	0
BearUp_22_44	1	0	0
BearUp_22_45	1	0	0
BearUp_22_46	1	0	0
BearUp_22_47	1	0	0
BearUp_22_48	1	0	0
BearUp_22_49	1	0	0
BearUp_22_50	1	0	0
BearUp_22_51	1	0	0
BearUp_22_52	1	0	0
BearUp_22_54	1	0	0
BearUp_22_55	1	0	0
BearUp_22_56	1	0	0
BearUp_22_59	1	0	0
BearUp_22_60	1	0	0
BearUp_22_61	1	0	0
BearUp_22_62	1	0	0
BearUp_22_63	1	0	0
BearUp_22_64	1	0	0
BearUp_22_65	1	0	0
BearUp_22_66	1	0	0
BearUp_22_67	1	0	0
BearUp_22_68	1	0	0
BearUp_22_69	1	0	0
BearUp_22_70	1	0	0
BearUp_22_71	1	0	0
BearUp_22_72	1	0	0
BearUp_22_73	1	0	0
BearUp_22_74	1	0	0
BearUp_22_75	1	0	0
BearUp_22_77	1	0	0
BearUp_22_78	1	0	0
BearUp_22_80	1	0	0
BearUp_22_81	1	0	0
BearUp_22_82	1	0	0
BearUp_22_83	1	0	0
BearUp_22_84	1	0	0
BearUp_22_85	1	0	0
BearUp_22_86	1	0	0
BearUp_22_87	1	0	0
BearUp_22_88	1	0	0
BearUp_22_89	1	0	0
BearUp_22_90	1	0	0
BearUp_22_91	1	0	0
BearUp_22_92	1	0	0
BearUp_22_93	1	0	0
BearUp_22_94	1	0	0
BearUp_22_95	1	0	0
BearUp_22_96	1	0	0
BearUp_22_97	1	0	0
BearUp_22_98	1	0	0
BearUp_22_99	1	0	0
Beetle_23_421	0	1	0
Beetle_23_422	0	1	0
Beetle_23_423	0	1	0
Beetle_23_424	0	1	0
Beetle_23_425	0	1	0
Beetle_23_426	0	1	0
Beetle_23_427	0	1	0
Beetle_23_428	0	1	0
Beetle_23_429	0	1	0
Beetle_23_430	0	1	0
Beetle_23_431	0	1	0
Beetle_23_432	0	1	0
Beetle_23_433	0	1	0
Beetle_23_434	0	1	0
Beetle_23_435	0	1	0
Beetle_23_436	0	1	0
Beetle_23_437	0	1	0
Beetle_23_438	0	1	0
Beetle_23_439	0	1	0
Beetle_23_440	0	1	0
Beetle_23_441	0	1	0
Beetle_23_442	0	1	0
Beetle_23_443	0	1	0
Beetle_23_444	0	1	0
Beetle_23_445	0	1	0
Beetle_23_446	0	1	0
Beetle_23_447	0	1	0
Beetle_23_448	0	1	0
Beetle_23_449	0	1	0
Beetle_23_450	0	1	0
Berry_04_124	0	0	1
BF_03_243	0	0	1
BigTimber10_43	0	0	1
BigTimber10_44	0	0	1
BigTimber10_45	0	0	1
BigTimber10_46	0	0	1
Bobtail_11_232	1	0	0
Bobtail_11_240	1	0	0
Bram_17_01	0	1	0
Bram_17_02	0	1	0
Bram_17_03	0	1	0
Bram_17_04	0	1	0
Bram_17_05	0	1	0
Bram_17_06	0	1	0
Bram_17_07	0	1	0
Bram_17_08	0	1	0
Bram_17_09	0	1	0
Bram_17_10	0	1	0
Bram_17_11	0	1	0
Bram_17_12	0	1	0
Bram_17_13	0	1	0
Bram_17_14	0	1	0
Bram_17_15	0	1	0
Bram_17_16	0	1	0
Bram_17_17	0	1	0
Bram_17_18	0	1	0
Bram_17_19	0	1	0
Bram_17_20	0	1	0
Bram_17_21	0	1	0
Bram_17_22	0	1	0
Bram_17_23	0	1	0
Bram_17_24	0	1	0
Bram_17_25	0	1	0
Bram_17_26	0	1	0
Bram_17_27	0	1	0
Bram_17_28	0	1	0
Bram_17_29	0	1	0
Bram_17_30	0	1	0
BRAM_19_01	1	0	0
BRAM_19_02	1	0	0
BRAM_19_03	1	0	0
BRAM_19_04	1	0	0
BRAM_19_05	1	0	0
BRAM_19_06	1	0	0
BRAM_19_07	1	0	0
BRAM_19_08	1	0	0
BRAM_19_09	1	0	0
BRAM_19_10	1	0	0
BRAM_19_11	1	0	0
BRAM_19_12	1	0	0
BRAM_19_13	1	0	0
BRAM_19_14	1	0	0
BRAM_19_15	1	0	0
BRAM_19_16	1	0	0
BRAM_19_17	1	0	0
BRAM_19_18	1	0	0
BRAM_19_19	1	0	0
BRAM_19_20	1	0	0
BRAM_19_21	1	0	0
BRAM_19_22	1	0	0
BRAM_19_23	1	0	0
BRAM_19_24	1	0	0
BRAM_19_25	1	0	0
BRAM_19_26	1	0	0
BRAM_19_27	1	0	0
BRAM_19_28	1	0	0
BRAM_19_29	1	0	0
BRAM_19_30	1	0	0
BULL1_07_03_1	0	1	0
BULL1_07_03	0	1	0
BULL1_07_04	0	1	0
BULL1_07_05_1	0	1	0
BULL1_07_05	0	1	0
BULL1_07_06_1	1	0	0
BULL1_07_06	1	0	0
BULL1_07_07_1	0	1	0
BULL1_07_07	0	1	0
BULL1_07_08_1	0	1	0
BULL1_07_08	0	1	0
BULL1_07_09_1	0	1	0
BULL1_07_09	0	1	0
BULL1_07_10_1	1	0	0
BULL1_07_10	1	0	0
BULL1_07_14	0	1	0
BULL1_07_15	0	1	0
BULL1_07_16	0.500032	0.499968	0
BULL1_07_17	0	1	0
BULL1_07_18	0	1	0
BULL1_07_19	1	0	0
BullLo_15_142	0	1	0
BullLo_15_143	0	1	0
BullLo_15_144_1	0	1	0
BullLo_15_144	0	1	0
BullLo_15_145	0	1	0
BullLo_15_146	0	1	0
BullLo_15_149	0	1	0
BullLo_15_153	0	1	0
BullLo_15_154	0	1	0
BullLo_15_155	0	1	0
BullLo_15_157_1	0	1	0
BullLo_15_157	0	1	0
BullLo_15_158_1	0	1	0
BullLo_15_158	0	1	0
BullLo_15_160_1	0	1	0
BullLo_15_160	0	1	0
BullLo_15_161_1	0	1	0
BullLo_15_161	0	1	0
BullLo_15_162_1	0	1	0
BullLo_15_162	0	1	0
BullLo_15_163_1	0	1	0
BullLo_15_163	0	1	0
BunkerHill_23_301	0	1	0
BunkerHill_23_302	0	1	0
BunkerHill_23_303	0	1	0
BunkerHill_23_304	0	1	0
BunkerHill_23_305	0	1	0
BunkerHill_23_306	0	1	0
BunkerHill_23_307	0	1	0
BunkerHill_23_308	0	1	0
BunkerHill_23_309	0	1	0
BunkerHill_23_310	0	1	0
BunkerHill_23_311	0	1	0
BunkerHill_23_312	0	1	0
BunkerHill_23_313	0	1	0
BunkerHill_23_314	0	1	0
BunkerHill_23_315	0	1	0
BunkerHill_23_316	0	1	0
BunkerHill_23_317	0	1	0
BunkerHill_23_318	0	1	0
BunkerHill_23_319_1	0	1	0
BunkerHill_23_319	0	1	0
BunkerHill_23_320_1	0	1	0
BunkerHill_23_320	0	1	0
BunkerHill_23_321_1	0	1	0
BunkerHill_23_321	0	1	0
BunkerHill_23_322_1	0	1	0
BunkerHill_23_322	0	1	0
Burnt_23_331_1	0	1	0
Burnt_23_331	0	1	0
Burnt_23_332_1	0	1	0
Burnt_23_332	0	1	0
Burnt_23_333_1	0	1	0
Burnt_23_333	0	1	0
Burnt_23_334_1	0	1	0
Burnt_23_334	0	1	0
Burnt_23_335	0	1	0
Burnt_23_336	0	1	0
Burnt_23_337	0	1	0
Burnt_23_338	0	1	0
Burnt_23_339	0	1	0
Burnt_23_340	0	1	0
Burnt_23_341	0	1	0
Burnt_23_342	0	1	0
Burnt_23_343	0	1	0
Burnt_23_344	0	1	0
Burnt_23_345	0	1	0
Burnt_23_346	0	1	0
Burnt_23_348	0	1	0
Burnt_23_349	0	1	0
Burnt_23_350	0	1	0
Burnt_23_351	0	1	0
Burnt_23_352	0	1	0
Burnt_23_353	0	1	0
Burnt_23_354	0	1	0
Burnt_23_355	0	1	0
Burnt_23_356	0	1	0
Burnt_23_357	0	1	0
Burnt_23_358	0	1	0
Burnt_23_359	0	1	0
Burnt_23_360	0	1	0
Cable_17_421	1	0	0
Cable_17_422	1	0	0
Cable_17_423	1	0	0
Cable_17_424	1	0	0
Cable_17_425	1	0	0
Cable_17_427	1	0	0
Cable_17_428	1	0	0
Cable_17_429	1	0	0
Cable_17_430	1	0	0
Cable_17_431	1	0	0
Cable_17_432	1	0	0
Cable_17_433	1	0	0
Cable_17_434	1	0	0
Cable_17_435	1	0	0
Cable_17_436	1	0	0
Cable_17_437	1	0	0
Cable_17_438	1	0	0
Cable_17_439	1	0	0
Cable_17_440	1	0	0
Cable_17_441	1	0	0
Cable_17_443	1	0	0
Cable_17_444	1	0	0
Cable_17_445	1	0	0
Cable_17_446	1	0	0
Cable_17_447	1	0	0
Cable_17_448	1	0	0
Cable_17_449	1	0	0
Cable_17_450	1	0	0
Callahan17_063	1	0	0
CallahanNF_22_02	1	0	0
CallahanNF_22_04	1	0	0
CallahanNF_22_06	1	0	0
CallahanNF_22_07	1	0	0
CallahanNF_22_08	1	0	0
CallahanNF_22_10	1	0	0
CallahanNF_22_11	1	0	0
CallahanNF_22_12	1	0	0
CallahanNF_22_13	1	0	0
CallahanNF_22_14	1	0	0
CallahanNF_22_15	1	0	0
CallahanNF_22_16	1	0	0
CallahanNF_22_17	1	0	0
CallahanNF_22_18	1	0	0
CallahanNF_22_19	1	0	0
CallahanNF_22_20	1	0	0
CallahanNF_22_21	1	0	0
CallahanNF_22_22	0	0.564328	0.435672
CallahanNF_22_23	1	0	0
CallahanNF_22_24	1	0	0
CallahanNF_22_25	1	0	0
CallahanNF_22_26	1	0	0
CallahanNF_22_27	1	0	0
CallahanNF_22_28	1	0	0
CallahanNF_22_29	1	0	0
CallahanNF_22_30	1	0	0
CallahanSF_22_01	1	0	0
CallahanSF_22_02_1	1	0	0
CallahanSF_22_02	1	0	0
CallahanSF_22_03	1	0	0
CallahanSF_22_04	1	0	0
CallahanSF_22_05	1	0	0
CallahanSF_22_06	1	0	0
CallahanSF_22_07	1	0	0
CallahanSF_22_08	1	0	0
CallahanSF_22_09	1	0	0
CallahanSF_22_10	1	0	0
CallahanSF_22_11	1	0	0
CallahanSF_22_12	1	0	0
CallahanSF_22_13	1	0	0
CallahanSF_22_14	1	0	0
CallahanSF_22_15	1	0	0
CallahanSF_22_16	1	0	0
CallahanSF_22_17	1	0	0
CallahanSF_22_18	1	0	0
CallahanSF_22_19	1	0	0
CallahanSF_22_20	1	0	0
CallahanSF_22_21	1	0	0
CallahanSF_22_23	1	0	0
CallahanSF_22_24	1	0	0
CallahanSF_22_25	1	0	0
CallahanSF_22_26	1	0	0
CallahanSF_22_27_1	1	0	0
CallahanSF_22_27	1	0	0
CallahanSF_22_28	1	0	0
CallahanSF_22_29	1	0	0
CallahanSF_22_30	1	0	0
Cascade_03_524	0	0	1
CedarCreek_20_001	1	0	0
CedarCreek_20_001_R	1	0	0
CedarCreek_20_002	1	0	0
CedarCreek_20_003	1	0	0
CedarCreek_20_004	1	0	0
CedarCreek_20_005	1	0	0
CedarCreek_20_006	1	0	0
CedarCreek_20_007	1	0	0
CedarCreek_20_008	1	0	0
CedarCreek_20_009	1	0	0
CedarCreek_20_010	1	0	0
CedarCreek_20_011	1	0	0
CedarCreek_20_012	1	0	0
CedarCreek_20_013	1	0	0
CedarCreek_20_014	1	0	0
CedarCreek_20_015	1	0	0
CedarCreek_20_016	1	0	0
CedarCreek_20_017	1	0	0
CedarCreek_20_018	1	0	0
CedarCreek_20_019	1	0	0
CedarCreek_20_020	1	0	0
CedarCreek_20_021	1	0	0
CedarCreek_20_022	1	0	0
CedarCreek_20_023	1	0	0
CedarCreek_20_024	1	0	0
CedarCreek_20_025	1	0	0
CedarCreek_20_026	1	0	0
CedarCreek_20_027	1	0	0
CedarCreek_20_028	1	0	0
CedarCreek_20_030	1	0	0
CedarCreek_20_031	1	0	0
CedarCreek_20_032	1	0	0
CedarCreek_20_033	1	0	0
CedarCreek_20_034	1	0	0
CedarCreek_20_035	1	0	0
CedarCreek_20_036	1	0	0
CedarCreek_20_037	1	0	0
CedarCreek_20_038	1	0	0
CedarCreek_20_039	1	0	0
CedarCreek_20_040	1	0	0
CedarCreek_20_041	1	0	0
CedarCreek_20_042	1	0	0
CedarCreek_20_043	1	0	0
CedarCreek_20_044	1	0	0
CedarCreek_20_045	1	0	0
CedarCreek_20_046	1	0	0
CedarCreek_20_047	1	0	0
CedarCreek_20_048	1	0	0
CedarCreek_20_049	1	0	0
CedarCreek_20_050	1	0	0
CedarCreek_20_051	1	0	0
CedarCreek_20_052	1	0	0
CedarCreek_20_053	1	0	0
CedarCreek_20_054	1	0	0
CedarCreek_20_055	1	0	0
CedarCreek_20_056	1	0	0
CedarCreek_20_057	1	0	0
CedarCreek_20_058	1	0	0
CedarCreek_20_059	1	0	0
CedarCreek_20_060	1	0	0
CedarCreek_20_061	1	0	0
CedarCreek_20_062	1	0	0
CedarCreek_20_063	1	0	0
CedarCreek_20_064	1	0	0
CedarCreek_20_065	1	0	0
CedarCreek_20_066	1	0	0
CedarCreek_20_067	1	0	0
CedarCreek_20_068	1	0	0
CedarCreek_20_069	1	0	0
CedarCreek_20_070	1	0	0
CedarCreek_20_071	1	0	0
CedarCreek_20_072	1	0	0
CedarCreek_20_073	1	0	0
CedarCreek_20_074	1	0	0
CedarCreek_20_075	1	0	0
CedarCreek_20_076	1	0	0
CedarCreek_20_077	1	0	0
CedarCreek_20_078	1	0	0
CedarCreek_20_079	1	0	0
CedarCreek_20_080	1	0	0
CedarCreek_20_081	1	0	0
CedarCreek_20_082	1	0	0
CedarCreek_20_083	1	0	0
CedarCreek_20_084	1	0	0
CedarCreek_20_085	1	0	0
CedarCreek_20_086	1	0	0
CedarCreek_20_087	1	0	0
CedarCreek_20_088	1	0	0
CedarCreek_20_089	1	0	0
CedarCreek_20_090	1	0	0
CedarCreek_20_091	1	0	0
CedarCreek_20_092	1	0	0
CedarCreek_20_093	1	0	0
CedarCreek_20_094	1	0	0
CedarCreek_20_094_R	1	0	0
CedarCreek_20_095	1	0	0
CedarCreek_20_096	1	0	0
CedarCreek_20_097	1	0	0
CedarCreek_20_098	1	0	0
CedarCreek_20_099	1	0	0
CedarCreek_20_100	1	0	0
CedarCreek_20_101	1	0	0
CedarCreek_20_102	1	0	0
CedarCreek_20_103	1	0	0
CedarCreek_20_104	1	0	0
CedarCreek_20_105	1	0	0
CedarCreek_20_106	1	0	0
CedarCreek_20_107	1	0	0
CedarCreek_20_108	1	0	0
CedarCreek_20_109	1	0	0
CedarCreek_20_110	1	0	0
CedarCreek_20_111	1	0	0
CedarCreek_20_112	1	0	0
CedarCreek_20_113	1	0	0
CedarCreek_20_114	1	0	0
CedarCreek_20_115	1	0	0
CedarCreek_20_116	1	0	0
CedarCreek_20_117	1	0	0
CedarCreek_20_118	1	0	0
CedarCreek_20_119	1	0	0
CedarCreek_20_120	1	0	0
CFE_20_03	1	0	0
CFE_20_15	1	0	0
CFE_20_20	0.966772	0.0332278	0
CFE_20_21	1	0	0
CFE_20_27	1	0	0
CH_19_1130	1	0	0
CHA41_22_03	1	0	0
CHA41_22_08	1	0	0
CHA41_22_09	1	0	0
CHA41_22_10	1	0	0
Chippy_20_542	0.00165779	0.991361	0.00698141
Chippy_20_573	1	0	0
Chippy_20_577	0.497314	0.495602	0.00708372
Chippy_20_596	0	1	0
CO_18_0710	1	0	0
CO_19_1124	1	0	0
CodyMid_21_01	1	0	0
CodyMid_21_02	1	0	0
CodyMid_21_03	1	0	0
CodyMid_21_04	1	0	0
CodyMid_21_05	1	0	0
CodyMid_21_07	1	0	0
CodyMid_21_08	1	0	0
CodyMid_21_09	1	0	0
CodyMid_21_10	1	0	0
CodyMid_21_11	1	0	0
CR2	1	0	0
CR_NA_01	1	0	0
CR_NA_02	1	0	0
Crooked_16_13	0	0	1
Crooked_16_42	0	0	1
D107_14_05	1	0	0
D107_14_06	1	0	0
D107_14_07	1	0	0
D107_14_08	1	0	0
D107_14_09	1	0	0
D107_14_11	1	0	0
D107_14_16	1	0	0
D107_14_17	1	0	0
D107_14_18	1	0	0
D107_14_19	1	0	0
D107_14_21	1	0	0
D107_14_22	1	0	0
D107_14_24	1	0	0
D126_14_02	1	0	0
D126_14_04	1	0	0
D126_14_09	1	0	0
D129_14_01	1	0	0
D129_14_02	1	0	0
Dam_11_03	1	0	0
Dam_11_04	1	0	0
Dam_11_05	1	0	0
Dam_11_06	1	0	0
Dam_11_07	1	0	0
Dam_11_09	1	0	0
Dam_11_10	1	0	0
Dam_11_11	1	0	0
Dam_11_12	1	0	0
Dam_11_13	1	0	0
Dam_11_14	1	0	0
Dam_11_15	1	0	0
Dam_11_16	1	0	0
Dam_11_17	1	0	0
Dam_11_19	1	0	0
Dam_11_20	1	0	0
Dam_11_21	1	0	0
Dam_11_22	1	0	0
Dam_11_23	1	0	0
Dam_11_24	1	0	0
Dam_11_25	1	0	0
Dam_11_26	1	0	0
Dam_11_27	1	0	0
Dam_11_28	1	0	0
Dam_11_29	1	0	0
DeathC_04_284	0	0	1
Deep_20_07	0	1	0
DocUWH06_22_03	1	0	0
DocUWH06_22_05	1	0	0
DocUWH06_22_06	1	0	0
DocUWH10_22_36	1	0	0
DocUWH10_22_37	1	0	0
DocW84_12_01	1	0	0
DocW84_12_02	1	0	0
DocW84_12_03	1	0	0
DocW84_12_04	1	0	0
Dunn_11_003	1	0	0
Dunn_11_004	1	0	0
Dunn_11_006	1	0	0
Dunn_11_009	1	0	0
Dunn_11_011	1	0	0
Dunn_11_012	1	0	0
Dunn_11_013	0.495443	0.504557	0
Dunn_11_016	1	0	0
Dunn_11_022	1	0	0
Dunn_11_025	1	0	0
Dunn_11_026	1	0	0
Dunn_11_027	1	0	0
Dunn_11_028	1	0	0
Dunn_11_029	1	0	0
Dunn_11_030	1	0	0
Dunn_11_031	1	0	0
Dunn_11_032	1	0	0
EC1_21_04	1	0	0
EC1_21_39	1	0	0
EC1_21_40	1	0	0
EC1_21_41	1	0	0
EC1_21_50	1	0	0
EC1_21_51	1	0	0
EC1_21_52	1	0	0
EC1_21_53	1	0	0
EC1_21_65	1	0	0
EC1_21_88	1	0	0
EC2_21_05	1	0	0
EC2_21_25	1	0	0
EC2_21_27	1	0	0
EC2_21_35	1	0	0
EForkYaak_20_001	1	0	0
EForkYaak_20_002	1	0	0
EForkYaak_20_003	1	0	0
EForkYaak_20_004	1	0	0
EForkYaak_20_005	1	0	0
EForkYaak_20_006	1	0	0
EForkYaak_20_007	1	0	0
EForkYaak_20_008	1	0	0
EForkYaak_20_009	1	0	0
EForkYaak_20_010	1	0	0
EForkYaak_20_011	1	0	0
EForkYaak_20_012	1	0	0
EForkYaak_20_013	1	0	0
EForkYaak_20_014	1	0	0
EForkYaak_20_015	1	0	0
EForkYaak_20_016	1	0	0
EForkYaak_20_017	1	0	0
EForkYaak_20_018	1	0	0
EForkYaak_20_019	1	0	0
EForkYaak_20_020	1	0	0
EForkYaak_20_021	1	0	0
EForkYaak_20_022	1	0	0
EForkYaak_20_023	1	0	0
EForkYaak_20_024	1	0	0
EForkYaak_20_025	1	0	0
EForkYaak_20_026	1	0	0
EForkYaak_20_027	1	0	0
EForkYaak_20_028	1	0	0
EForkYaak_20_029	1	0	0
EForkYaak_20_030	1	0	0
EForkYaak_20_031	1	0	0
EForkYaak_20_032	1	0	0
EForkYaak_20_033	1	0	0
EForkYaak_20_034	1	0	0
EForkYaak_20_035	1	0	0
EForkYaak_20_036	1	0	0
EForkYaak_20_037	1	0	0
EForkYaak_20_038	1	0	0
EForkYaak_20_039	1	0	0
EForkYaak_20_040	1	0	0
EForkYaak_20_041	1	0	0
EForkYaak_20_042	1	0	0
EForkYaak_20_043	1	0	0
EForkYaak_20_044	1	0	0
EForkYaak_20_045	1	0	0
EForkYaak_20_046	1	0	0
EForkYaak_20_047	1	0	0
EForkYaak_20_048	1	0	0
EForkYaak_20_049	1	0	0
EForkYaak_20_050	0.505569	0.494431	0
EForkYaak_20_051	1	0	0
EForkYaak_20_052	1	0	0
EForkYaak_20_053	0.50691	0.49309	0
EForkYaak_20_054	1	0	0
EForkYaak_20_055	1	0	0
EForkYaak_20_056	1	0	0
EForkYaak_20_057	1	0	0
EForkYaak_20_058	1	0	0
EForkYaak_20_059	1	0	0
EForkYaak_20_060	1	0	0
EForkYaak_20_061	1	0	0
EForkYaak_20_062	1	0	0
EForkYaak_20_063	1	0	0
EForkYaak_20_064	1	0	0
EForkYaak_20_065	1	0	0
EForkYaak_20_066	1	0	0
EForkYaak_20_067	1	0	0
EForkYaak_20_068	1	0	0
EForkYaak_20_069	1	0	0
EForkYaak_20_070	1	0	0
EForkYaak_20_071	1	0	0
EForkYaak_20_072	1	0	0
EForkYaak_20_073	1	0	0
EForkYaak_20_074	1	0	0
EForkYaak_20_075	1	0	0
EForkYaak_20_076	1	0	0
EForkYaak_20_077	1	0	0
EForkYaak_20_078	1	0	0
EForkYaak_20_079	1	0	0
EForkYaak_20_080	1	0	0
EForkYaak_20_081	1	0	0
EForkYaak_20_082	1	0	0
EForkYaak_20_083	1	0	0
EForkYaak_20_084	1	0	0
EForkYaak_20_085	1	0	0
EForkYaak_20_086	1	0	0
EForkYaak_20_087	1	0	0
EForkYaak_20_088	1	0	0
EForkYaak_20_089	1	0	0
EForkYaak_20_090	1	0	0
EForkYaak_20_091	1	0	0
EForkYaak_20_092	1	0	0
EForkYaak_20_093	1	0	0
EForkYaak_20_094	1	0	0
EForkYaak_20_095	1	0	0
EForkYaak_20_096	1	0	0
EForkYaak_20_097	1	0	0
EForkYaak_20_098	1	0	0
EForkYaak_20_099	1	0	0
EForkYaak_20_100	1	0	0
EForkYaak_20_101	1	0	0
EFYaak17_275_09	1	0	0
EFYaak17_275_10	1	0	0
EFYaak17_275_11	1	0	0
EFYaak17_275_13	1	0	0
EFYaak_17_275	1	0	0
EFYaak_20_085	1	0	0
EFYaak_21_001	1	0	0
EFYaak_21_002	1	0	0
EFYaak_21_003	1	0	0
EFYaak_21_004	1	0	0
EFYaak_21_005	1	0	0
EFYaak_21_006	1	0	0
EFYaak_21_007	1	0	0
EFYaak_21_008	1	0	0
EFYaak_21_009	1	0	0
EFYaak_21_010	1	0	0
EFYaak_21_011	1	0	0
EFYaak_21_012	1	0	0
EFYaak_21_013	1	0	0
EFYaak_21_014	1	0	0
EFYaak_21_015	1	0	0
EFYaak_21_016	1	0	0
EFYaak_21_017	1	0	0
EFYaak_21_018	1	0	0
EFYaak_21_019	1	0	0
EFYaak_21_020	1	0	0
EFYaak_21_021	1	0	0
EFYaak_21_022	1	0	0
EFYaak_21_023	1	0	0
EFYaak_21_024	1	0	0
EFYaak_21_025	1	0	0
EFYaak_21_026	1	0	0
EFYaak_21_027	1	0	0
EFYaak_21_028	1	0	0
EFYaak_21_029	1	0	0
EFYaak_21_030	1	0	0
EFYaak_21_031	1	0	0
EFYaak_21_032	1	0	0
EFYaak_21_033	1	0	0
EFYaak_21_034	1	0	0
EFYaak_21_035	1	0	0
EFYaak_21_036	1	0	0
EFYaak_21_037	1	0	0
EFYaak_21_038	1	0	0
EFYaak_21_039	1	0	0
EFYaak_21_040	1	0	0
EFYaak_21_041	1	0	0
EFYaak_21_042	1	0	0
EFYaak_21_043	1	0	0
EFYaak_21_044	1	0	0
EFYaak_21_045	1	0	0
EFYaak_21_046	1	0	0
EFYaak_21_047	1	0	0
EFYaak_21_048	1	0	0
EFYaak_21_049	1	0	0
EFYaak_21_050	1	0	0
EFYaak_21_051	1	0	0
EFYaak_21_052	1	0	0
EFYaak_21_053	1	0	0
EFYaak_21_054_1	1	0	0
EFYaak_21_055	1	0	0
EFYaak_21_056	1	0	0
EFYaak_21_057	1	0	0
EFYaak_21_058	1	0	0
EFYaak_21_059	1	0	0
EFYaak_21_060	1	0	0
EFYaak_21_061	1	0	0
EFYaak_21_062	1	0	0
EFYaak_21_063	1	0	0
EFYaak_21_064	1	0	0
EFYaak_21_065	1	0	0
EFYaak_21_066	1	0	0
EFYaak_21_067	1	0	0
EFYaak_21_068	1	0	0
EFYaak_21_070	1	0	0
EFYaak_21_071	1	0	0
EFYaak_21_072	1	0	0
EFYaak_21_073	1	0	0
EFYaak_21_075	1	0	0
EFYaak_21_076	1	0	0
EFYaak_21_077	1	0	0
EFYaak_21_078	1	0	0
EFYaak_21_079	1	0	0
EFYaak_21_080	1	0	0
EFYaak_21_081	1	0	0
EFYaak_21_082	1	0	0
EFYaak_21_083	1	0	0
EFYaak_21_084	1	0	0
EFYaak_21_085	1	0	0
EFYaak_21_086	1	0	0
EFYaak_21_087	1	0	0
EFYaak_21_088	1	0	0
EFYaak_21_089	1	0	0
EFYaak_21_090	1	0	0
EFYaak_21_091	1	0	0
EFYaak_21_092	0.511181	0.488819	0
EFYaak_21_093	1	0	0
EFYaak_21_094	1	0	0
EFYaak_21_095	1	0	0
EFYaak_21_096	1	0	0
EFYaak_21_097	1	0	0
EFYaak_21_098	1	0	0
EFYaak_21_099	1	0	0
EFYaak_21_100	1	0	0
EFYaak_21_101	1	0	0
EFYaak_21_102	1	0	0
EFYaak_21_103	1	0	0
EFYaak_21_104	1	0	0
EFYaak_21_105	1	0	0
EFYaak_21_106	1	0	0
EFYaak_21_107	1	0	0
EFYaak_21_108	1	0	0
EFYaak_21_109	1	0	0
EFYaak_21_110	1	0	0
EFYaak_21_111	1	0	0
EFYaak_22_001_1	1	0	0
EFYaak_22_001	1	0	0
EFYaak_22_002	1	0	0
EFYaak_22_003	1	0	0
EFYaak_22_004	1	0	0
EFYaak_22_005	1	0	0
EFYaak_22_006	1	0	0
EFYaak_22_008	1	0	0
EFYaak_22_009	1	0	0
EFYaak_22_010	1	0	0
EFYaak_22_012	1	0	0
EFYaak_22_013	1	0	0
EFYaak_22_014	1	0	0
EFYaak_22_015	1	0	0
EFYaak_22_016	1	0	0
EFYaak_22_017	1	0	0
EFYaak_22_018	1	0	0
EFYaak_22_019	1	0	0
EFYaak_22_020	1	0	0
EFYaak_22_021	1	0	0
EFYaak_22_022	1	0	0
EFYaak_22_023	1	0	0
EFYaak_22_024	1	0	0
EFYaak_22_025	1	0	0
EFYaak_22_026	1	0	0
EFYaak_22_027	1	0	0
EFYaak_22_028	1	0	0
EFYaak_22_029	1	0	0
EFYaak_22_030	1	0	0
EFYaak_22_031	1	0	0
EFYaak_22_032	1	0	0
EFYaak_22_033	1	0	0
EFYaak_22_035	0.514895	0.485105	0
EFYaak_22_036	1	0	0
EFYaak_22_037	1	0	0
EFYaak_22_038	1	0	0
EFYaak_22_039	1	0	0
EFYaak_22_040	1	0	0
EFYaak_22_041	1	0	0
EFYaak_22_042	1	0	0
EFYaak_22_043	1	0	0
EFYaak_22_044	1	0	0
EFYaak_22_045	1	0	0
EFYaak_22_046	1	0	0
EFYaak_22_047	1	0	0
EFYaak_22_048	1	0	0
EFYaak_22_049	1	0	0
EFYaak_22_050	1	0	0
EFYaak_22_051	1	0	0
EFYaak_22_052	1	0	0
EFYaak_22_054	1	0	0
EFYaak_22_055	1	0	0
EFYaak_22_056	1	0	0
EFYaak_22_057	1	0	0
EFYaak_22_058	1	0	0
EFYaak_22_059	1	0	0
EFYaak_22_060	1	0	0
EFYaak_22_062	1	0	0
EFYaak_22_063	1	0	0
EFYaak_22_064	1	0	0
EFYaak_22_065	1	0	0
EFYaak_22_066	1	0	0
EFYaak_22_067	1	0	0
EFYaak_22_068	1	0	0
EFYaak_22_070	1	0	0
EFYaak_22_072	1	0	0
EFYaak_22_075	1	0	0
EFYaak_22_076	1	0	0
EFYaak_22_077	1	0	0
EFYaak_22_078	1	0	0
EFYaak_22_079	1	0	0
EFYaak_22_080	1	0	0
EFYaak_22_081	1	0	0
EFYaak_22_083	1	0	0
EFYaak_22_086	1	0	0
EFYaak_22_088	1	0	0
EFYaak_22_089	1	0	0
EFYaak_22_090	1	0	0
EFYaak_22_091	1	0	0
EFYaak_22_092	1	0	0
EFYaak_22_094	1	0	0
EFYaak_22_095	1	0	0
EFYaak_22_096	1	0	0
EFYaak_22_097	1	0	0
EFYaak_22_098	1	0	0
EFYaak_22_099	1	0	0
EFYaak_22_100	1	0	0
EFYaak_22_101	1	0	0
EFYaak_22_102	1	0	0
EFYaak_22_103	1	0	0
EFYaak_22_104	1	0	0
EFYaak_22_105	1	0	0
EFYaak_22_106	1	0	0
EFYaak_22_107	1	0	0
EFYaak_22_108	1	0	0
EFYaak_22_109	1	0	0
EFYaak_22_111	1	0	0
EFYaak_22_112	1	0	0
EFYaak_22_113	1	0	0
EFYaak_22_114	1	0	0
EFYaak_22_116	1	0	0
EFYaak_22_117	1	0	0
EFYaak_22_118	1	0	0
EFYaak_22_119	1	0	0
EFYaak_22_120	1	0	0
EFYaak_22_121	1	0	0
EFYaak_22_122	1	0	0
EFYaak_22_123	1	0	0
EFYaak_22_124	1	0	0
EFYaak_22_125	1	0	0
EFYaak_22_126	1	0	0
EFYaak_24_001	1	0	0
EFYaak_24_002	1	0	0
EFYaak_24_003	1	0	0
EFYaak_24_004	1	0	0
EFYaak_24_005	1	0	0
EFYaak_24_006	1	0	0
EFYaak_24_007	1	0	0
EFYaak_24_008	1	0	0
EFYaak_24_009	1	0	0
EFYaak_24_010	1	0	0
EFYaak_24_011	1	0	0
EFYaak_24_012	1	0	0
EFYaak_24_013	1	0	0
EFYaak_24_014	1	0	0
EFYaak_24_015	1	0	0
EFYaak_24_016	1	0	0
EFYaak_24_017	1	0	0
EFYaak_24_018	1	0	0
EFYaak_24_019	1	0	0
EFYaak_24_020	1	0	0
EFYaak_24_021	1	0	0
EFYaak_24_022	1	0	0
EFYaak_24_023	1	0	0
EFYaak_24_024	1	0	0
EFYaak_24_025	1	0	0
EFYaak_24_026	1	0	0
EFYaak_24_027	1	0	0
EFYaak_24_028	1	0	0
EFYaak_24_029	1	0	0
EFYaak_24_030	1	0	0
EFYaak_24_031	1	0	0
EFYaak_24_032	1	0	0
EFYaak_24_033	1	0	0
EFYaak_24_034	1	0	0
EFYaak_24_035	1	0	0
EFYaak_24_036	1	0	0
EFYaak_24_037	1	0	0
EFYaak_24_038	1	0	0
EFYaak_24_039	1	0	0
EFYaak_24_040	1	0	0
EFYaak_24_041	1	0	0
EFYaak_24_042	1	0	0
EFYaak_24_043	1	0	0
EFYaak_24_044	1	0	0
EFYaak_24_045	1	0	0
EFYaak_24_046	1	0	0
EFYaak_24_047	1	0	0
EFYaak_24_048	1	0	0
EFYaak_24_049	1	0	0
EFYaak_24_050	1	0	0
EFYaak_24_051	1	0	0
EFYaak_24_052	1	0	0
EFYaak_24_053	1	0	0
EFYaak_24_054	0.503774	0.496226	0
EFYaak_24_055	1	0	0
EFYaak_24_056	1	0	0
EFYaak_24_057	1	0	0
EFYaak_24_058	1	0	0
EFYaak_24_059	1	0	0
EFYaak_24_060	1	0	0
EFYaak_24_061	1	0	0
EFYaak_24_062	1	0	0
EFYaak_24_063	1	0	0
EFYaak_24_064	1	0	0
EFYaak_24_065	1	0	0
EFYaak_24_066	1	0	0
EFYaak_24_067	1	0	0
EFYaak_24_068	1	0	0
EFYaak_24_070	1	0	0
EFYaak_24_071	1	0	0
EFYaak_24_072	1	0	0
EFYaak_24_073	1	0	0
EFYaak_24_075	1	0	0
EFYaak_24_076	1	0	0
EFYaak_24_077	1	0	0
EFYaak_24_078	1	0	0
EFYaak_24_079	1	0	0
EFYaak_24_080	1	0	0
EFYaak_24_081_1	1	0	0
EFYaak_24_081	1	0	0
EFYaak_24_082	1	0	0
EFYaak_24_083	1	0	0
EFYaak_24_084	1	0	0
EFYaak_24_085	1	0	0
EFYaak_24_086	1	0	0
EFYaak_24_087	1	0	0
EFYaak_24_088	1	0	0
EFYaak_24_089	1	0	0
EFYaak_24_090	1	0	0
EFYaak_24_091	1	0	0
EFYaak_24_092	1	0	0
EFYaak_24_093	1	0	0
EFYaak_24_094	1	0	0
EFYaak_24_095	1	0	0
EFYaak_24_096	1	0	0
EFYaak_24_097	1	0	0
EFYaak_24_098	1	0	0
EFYaak_24_099	1	0	0
EFYaak_24_100_1	1	0	0
EFYaak_24_100	1	0	0
EFYaak_24_101	1	0	0
EFYaak_24_102	1	0	0
EFYaak_24_103	1	0	0
EFYaak_24_104	1	0	0
EFYaak_24_105	1	0	0
EFYaak_24_106	1	0	0
EFYaak_24_107	1	0	0
EFYaak_24_108	1	0	0
EFYaak_24_109	1	0	0
EFYaak_24_110	1	0	0
EFYaak_24_111	1	0	0
EFYaak_24_112	1	0	0
ELD_21_01	1	0	0
ELD_21_02	1	0	0
ELD_21_03	1	0	0
ELD_21_04	1	0	0
ELD_21_05	1	0	0
ELD_21_06	1	0	0
ELD_21_07	1	0	0
ELD_21_08	1	0	0
ELD_21_10	1	0	0
ELD_21_12	1	0	0
ELD_21_13	1	0	0
ELD_21_14	1	0	0
ELD_21_15	1	0	0
ELD_21_16	1	0	0
ELD_21_17	1	0	0
ELD_21_18	1	0	0
ELD_21_19	1	0	0
ELD_21_20	1	0	0
ELD_21_21	1	0	0
ELD_21_22	1	0	0
ELD_21_23	1	0	0
ELD_21_24	1	0	0
ELD_21_26	1	0	0
ELD_21_27	1	0	0
ELD_21_28	1	0	0
ELD_21_29	1	0	0
ELD_21_30	1	0	0
ElkLo_12_612	0.502041	0.497959	0
ElkLo_12_613	0	1	0
ElkLo_16_913	0	1	0
ElkLo_16_914	0	1	0
ElkLo_16_915	0.508355	0.491645	0
ElkLo_16_917	0	1	0
ElkLo_16_918	0	1	0
ElkLo_16_919	0	1	0
ElkLo_16_920	0	1	0
ElkLo_16_921	0	1	0
ElkLo_16_922	0	1	0
ElkLo_16_923	1	0	0
ElkLo_16_924	0	1	0
ElkLo_16_926	0	1	0
ElkLo_16_928	0	1	0
ElkLo_16_929	0	1	0
ElkLo_16_930	0.502794	0.497206	0
ElkLo_16_933	0	1	0
ElkLo_16_935	0	1	0
ElkLo_16_936	0	1	0
ELR1_2004_04_1	0.503759	0.496241	0
ELR1_2004_04	0.502917	0.497083	0
ELR1_2004_05_1	0	1	0
ELR1_2004_05	0	1	0
ELR1_2004_08_1	1	0	0
ELR1_2004_08	1	0	0
ELR1_2004_09_1	1	0	0
ELR1_2004_09	1	0	0
ELR1_2004_11_1	0	1	0
ELR1_2004_11	0	1	0
ELR1_2004_12_1	1	0	0
ELR1_2004_12	1	0	0
ELR1_2004_13_1	0	1	0
ELR1_2004_13	0	1	0
ELR1_2004_14_1	0	1	0
ELR1_2004_14	0	1	0
ELR1_2004_15	0	1	0
ELR1_2004_16	0	1	0
ELR1_2004_17	0	1	0
ELR1_2004_18	0	1	0
ELR1_2004_25	0	1	0
ELR1_2004_26	0	1	0
ELR1_2004_27	0	1	0
ELR1_2004_28	0	1	0
ERosebud_07_06	0	0	1
ERosebud_07_08	0	0	1
FA_19_1198	1	0	0
FIN57_22_04	1	0	0
FIN57_22_05	1	0	0
FIN57_22_06	1	0	0
FIN57_22_08	1	0	0
FIN57_22_09_1	1	0	0
FIN57_22_09	1	0	0
FIN57_22_10	1	0	0
FIN57_22_11	1	0	0
FIN57_22_16	1	0	0
FIN57_22_17	1	0	0
FisherBW_11_138	1	0	0
FisherBW_11_147	1	0	0
FisherBW_11_148	1	0	0
FisherBW_11_149	1	0	0
FisherBW_11_150	1	0	0
FisherBW_11_151	1	0	0
FisherBW_11_153	1	0	0
FisherBW_11_154	1	0	0
FisherBW_11_155	1	0	0
FisherBW_11_156	1	0	0
FisherBW_11_157	1	0	0
FisherBW_11_158	1	0	0
FisherBW_11_159	1	0	0
FisherSilver_11_102	1	0	0
FisherSilver_11_104	1	0	0
FisherSilver_11_105	1	0	0
FisherSilver_11_116	1	0	0
FisherSilver_11_117	1	0	0
Flat_00_81	0	0	1
Flattail_23_271	0	1	0
Flattail_23_272	0	1	0
Flattail_23_273	0	1	0
Flattail_23_274	0	1	0
Flattail_23_275	0	1	0
Flattail_23_276	0	1	0
Flattail_23_277_1	0	1	0
Flattail_23_277	0	1	0
Flattail_23_278_1	0	1	0
Flattail_23_278	0	1	0
Flattail_23_279_1	0	1	0
Flattail_23_279	0	1	0
Flattail_23_280_1	0	1	0
Flattail_23_280	0	1	0
Flattail_23_281	0	1	0
Flattail_23_282	0	1	0
Flattail_23_283	0	1	0
Flattail_23_284	0	1	0
Flattail_23_285	0	1	0
Flattail_23_286	0	1	0
Fleshman_21_17	0	0	1
FL_NA_1078	1	0	0
FL_NA_1095	1	0	0
Flow_17_451	0	1	0
Flow_17_452	0	1	0
Flow_17_453	0	1	0
Flow_17_454	1	0	0
Flow_17_455	0	1	0
Flow_17_456	0	1	0
Flow_17_457	0	1	0
Flow_17_458	0	1	0
Flow_17_459	0	1	0
Flow_17_460	0.502222	0.497778	0
Flow_17_461	0.00198807	0.998012	0
Flow_17_462	0	1	0
Flow_17_463	0	1	0
Flow_17_465	0.510032	0.489968	0
Flow_17_466	0	1	0
Flow_17_467	0.503198	0.496802	0
Flow_17_468	0.00175158	0.998248	0
Flow_17_469	0.507808	0.492192	0
Flow_17_470	0.501144	0.498856	0
Flow_17_471	0	1	0
Flow_17_472	0	1	0
Flow_17_473	0	1	0
Flow_17_474	0	1	0
Flow_17_475	0	1	0
Flow_17_476	0	1	0
Flow_17_477	0	1	0
Flow_17_478	0.509808	0.490192	0
Flow_17_479	0	1	0
Flow_17_480	0	1	0
FlowerPipe_11_09	1	0	0
FlowerPipe_11_14	1	0	0
FlowerPipe_11_19	1	0	0
FlowerPipe_11_25	1	0	0
FredD13_14_01	1	0	0
FredD13_14_02	1	0	0
FredD13_14_03	1	0	0
FredW54_12_01	1	0	0
FredW54_12_02	1	0	0
FredW54_12_03	1	0	0
FredW54_12_04	1	0	0
FredW54_12_05	1	0	0
FredW54_12_06	1	0	0
FredW54_12_07	1	0	0
GC1_23_01	1	0	0
GC1_23_02	1	0	0
GC1_23_03	1	0	0
GC1_23_04	1	0	0
GC1_23_05	1	0	0
GE1	1	0	0
GeigerLo_22_01	1	0	0
GeigerLo_22_02	1	0	0
GeigerLo_22_03	1	0	0
GeigerLo_22_04	1	0	0
GeigerLo_22_05	1	0	0
GeigerLo_22_06	1	0	0
GeigerLo_22_07	1	0	0
GeigerLo_22_08	1	0	0
GeigerLo_22_09	1	0	0
GeigerLo_22_10	1	0	0
GeigerLo_22_11	1	0	0
GeigerLo_22_12	1	0	0
GeigerLo_22_13	0.996466	0	0.00353357
GeigerLo_22_14	1	0	0
GeigerLo_22_15	1	0	0
GeigerLo_22_16	1	0	0
GeigerLo_22_17	1	0	0
GeigerLo_22_18	1	0	0
GeigerLo_22_19	1	0	0
GeigerLo_22_20	0.502092	0.497908	0
GeigerLo_22_21	1	0	0
GeigerLo_22_22	1	0	0
GeigerLo_22_23	1	0	0
GeigerLo_22_24	1	0	0
GeigerLo_22_25	1	0	0
GeigerLo_22_26	1	0	0
GeigerLo_22_27	1	0	0
GeigerLo_22_29	1	0	0
GeigerUp_22_01	1	0	0
GeigerUp_22_02	1	0	0
GeigerUp_22_03	1	0	0
GeigerUp_22_04	1	0	0
GeigerUp_22_05	1	0	0
GeigerUp_22_06	1	0	0
GeigerUp_22_08	1	0	0
GeigerUp_22_09	1	0	0
GeigerUp_22_10	1	0	0
GeigerUp_22_11	1	0	0
GeigerUp_22_12	1	0	0
GeigerUp_22_13	1	0	0
GeigerUp_22_14_1	1	0	0
GeigerUp_22_14	1	0	0
GeigerUp_22_15	1	0	0
GeigerUp_22_16	1	0	0
GeigerUp_22_17	1	0	0
GeigerUp_22_18	1	0	0
GeigerUp_22_19	1	0	0
GeigerUp_22_20	1	0	0
GeigerUp_22_21	1	0	0
GeigerUp_22_22	1	0	0
GeigerUp_22_23	1	0	0
GeigerUp_22_24	1	0	0
GeigerUp_22_25	1	0	0
GeigerUp_22_26	1	0	0
GeigerUp_22_27	1	0	0
GeigerUp_22_28	1	0	0
GeigerUp_22_29	1	0	0
GeigerUp_22_30	1	0	0
Gen_15_001	1	0	0
Gen_15_003	1	0	0
Gen_15_004	1	0	0
Gen_15_006	1	0	0
Gen_15_008	1	0	0
Gen_15_009	1	0	0
Gen_15_010	1	0	0
Gen_15_012	1	0	0
Gen_15_013	1	0	0
Gen_15_014	1	0	0
Gen_15_015	1	0	0
Gen_15_017	1	0	0
Gen_15_018	1	0	0
Gen_15_019	1	0	0
Gen_15_020	1	0	0
Gen_15_021	1	0	0
Gen_15_024	1	0	0
Gen_15_025	1	0	0
GE_NA_01	1	0	0
GOC1_03_03_1	0	1	0
GOC1_03_03	0	1	0
GOC1_03_04_1	0	1	0
GOC1_03_04	0	1	0
GOC1_03_05_1	0	1	0
GOC1_03_05	0	1	0
GOC1_03_06_1	0	1	0
GOC1_03_06	0	1	0
GOC1_03_08_1	0	1	0
GOC1_03_08	0	1	0
GOC1_03_09_1	0	1	0
GOC1_03_09	0	1	0
GOC1_03_10_1	0	1	0
GOC1_03_10	0	1	0
GOC1_03_11_1	0	1	0
GOC1_03_11	0	1	0
GOC1_03_14	1	0	0
GOC1_03_15	0	1	0
GOC1_03_16	0	1	0
GOC1_03_17	0.00188324	0.998117	0
GOC1_03_18	0.505684	0.494316	0
GOC1_03_20	0	1	0
GOC1_03_21	0.975815	0.0241851	0
GOC1_03_22	0	1	0
GoldL_16_37	0	1	0
GoldL_16_38	0	1	0
GoldL_16_39	0	1	0
GoldL_16_41	0.507389	0.492611	0
GoldL_16_45	0	1	0
GoldL_16_46	0	1	0
GoldL_16_48	0	1	0
GoldL_16_61	0	1	0
GoldL_16_63	0	1	0
GoldL_16_64	0	1	0
GoldL_16_65	0	1	0
GoldL_16_66	0	1	0
GoldL_16_68	0	1	0
GoldL_16_69	0	1	0
GoldL_16_70	0	1	0
GoldL_16_71	0	1	0
GoldL_16_72	0	1	0
GoldL_16_87	0	1	0
GoldL_16_95	0	1	0
GoldL_16_96	0	1	0
GR9	1	0	0
GraniteAB_19_01	1	0	0
GraniteAB_19_02	1	0	0
GraniteAB_19_03	1	0	0
GraniteAB_19_04	1	0	0
GraniteAB_19_05	1	0	0
GraniteAB_19_06	1	0	0
GraniteAB_19_07	1	0	0
GraniteAB_19_08	1	0	0
GraniteAB_19_09	1	0	0
GraniteAB_19_10	1	0	0
GraniteAB_19_11	1	0	0
GraniteAB_19_12	1	0	0
GraniteAB_19_13	1	0	0
GraniteAB_19_14	1	0	0
GraniteAB_19_15	1	0	0
GraniteAB_19_16	1	0	0
GraniteAB_19_17	1	0	0
GraniteAB_19_18	1	0	0
GraniteAB_19_19	1	0	0
GraniteAB_19_20	1	0	0
GraniteAB_19_21	1	0	0
GraniteAB_19_22	1	0	0
GraniteAB_19_23	1	0	0
GraniteAB_19_24	1	0	0
GraniteAB_19_25	1	0	0
GraniteAB_19_26	1	0	0
GraniteAB_19_27	1	0	0
GraniteAB_19_28	1	0	0
GraniteAB_19_29	1	0	0
GraniteAB_19_30	1	0	0
GraniteBL_19_01	1	0	0
GraniteBL_19_01_R	1	0	0
GraniteBL_19_02	1	0	0
GraniteBL_19_03	1	0	0
GraniteBL_19_04	1	0	0
GraniteBL_19_05	1	0	0
GraniteBL_19_06	1	0	0
GraniteBL_19_07	1	0	0
GraniteBL_19_08	1	0	0
GraniteBL_19_09	1	0	0
GraniteBL_19_10	1	0	0
GraniteBL_19_11	1	0	0
GraniteBL_19_12	1	0	0
GraniteBL_19_13	1	0	0
GraniteBL_19_14	1	0	0
GraniteBL_19_15	1	0	0
GraniteBL_19_16	1	0	0
GraniteBL_19_17	1	0	0
GraniteBL_19_18	1	0	0
GraniteBL_19_19	1	0	0
GraniteBL_19_20	1	0	0
GraniteBL_19_21	1	0	0
GraniteBL_19_22	1	0	0
GraniteBL_19_23	1	0	0
GraniteBL_19_24	1	0	0
GraniteBL_19_25	1	0	0
GraniteBL_19_26	1	0	0
GraniteBL_19_27	1	0	0
GraniteBL_19_28	1	0	0
GraniteBL_19_30	1	0	0
Greenough2_23_24	1	0	0
GreggG2_21_10	1	0	0
GreggG2_21_13	1	0	0
GreggG2_21_16	1	0	0
GreggG2_21_17	1	0	0
GreggG2_21_23	1	0	0
GreggG2_21_24	1	0	0
GreggG2_21_28	1	0	0
GreysR_03_2037	0	0	1
Griz_20_15	0.511205	0.488795	0
Grizzly_23_361	0	1	0
Grizzly_23_362	0	1	0
Grizzly_23_363	0	1	0
Grizzly_23_364	0	1	0
Grizzly_23_365	0	1	0
Grizzly_23_366	0	1	0
Grizzly_23_367	0	1	0
Grizzly_23_368	0	1	0
Grizzly_23_369	0	1	0
Grizzly_23_370	0	1	0
Grizzly_23_371	0	1	0
Grizzly_23_372	0	1	0
Grizzly_23_373	0	1	0
Grizzly_23_374	0	1	0
Grizzly_23_375	0	1	0
Grizzly_23_376	0	1	0
Grizzly_23_377	0	1	0
Grizzly_23_378	0	1	0
Grizzly_23_379	0	1	0
Grizzly_23_380	0	1	0
Grizzly_23_381	0	1	0
Grizzly_23_382	0	1	0
Grizzly_23_383	0	1	0
Grizzly_23_384	0	1	0
Grizzly_23_385	0	1	0
Grizzly_23_386	0	1	0
Grizzly_23_387	0	1	0
Grizzly_23_388	0	1	0
Grizzly_23_389	0	1	0
Grizzly_23_390	0	1	0
GR_NA_09	1	0	0
GR_NA_15	1	0	0
GSH_22_02	1	0	0
GSH_22_03	1	0	0
GSH_22_05	1	0	0
GSH_22_06	1	0	0
GSH_22_07	1	0	0
GSH_22_08	1	0	0
GSH_22_09	1	0	0
GSH_22_10	1	0	0
GSH_22_11	1	0	0
GSH_22_12	1	0	0
GSH_22_13	1	0	0
GSH_22_14	1	0	0
GSH_22_15	1	0	0
GSH_22_16	1	0	0
GSH_22_17	1	0	0
GSH_22_18	1	0	0
GSH_22_19	1	0	0
GSH_22_20	1	0	0
GSH_22_22	1	0	0
GSH_22_24	1	0	0
GSH_22_25	1	0	0
GSH_22_26	1	0	0
GSH_22_27	1	0	0
GSH_22_28	1	0	0
GSH_22_29	1	0	0
GSH_22_30	1	0	0
GSH_22_32	1	0	0
GSH_22_33	1	0	0
GSH_22_34	1	0	0
GSH_22_35	1	0	0
HogbackLo_03_12_22	0	0	1
HogbackUp_03_12_144	0	0	1
HoodR_93_32132	1	0	0
HoodR_93_32145	1	0	0
HoodR_93_32159	1	0	0
Howard_22_01	1	0	0
Howard_22_02	1	0	0
Howard_22_03	1	0	0
Howard_22_04	1	0	0
Howard_22_05	1	0	0
Howard_22_06	1	0	0
Howard_22_07	1	0	0
Howard_22_08	1	0	0
Howard_22_09	1	0	0
Howard_22_10	1	0	0
Howard_22_11	1	0	0
Howard_22_13	1	0	0
Howard_22_14	1	0	0
Howard_22_15	1	0	0
Howard_22_16	1	0	0
Howard_22_17	1	0	0
Howard_22_18	1	0	0
Howard_22_19	1	0	0
HW1_23_01	1	0	0
HW1_23_02	1	0	0
HW1_23_03	1	0	0
HW1_23_05	1	0	0
HW1_23_06	1	0	0
HW1_23_07	1	0	0
HW1_23_08	1	0	0
HW1_23_09	1	0	0
HW1_23_10	1	0	0
HW1_23_13	1	0	0
HW2_23_01	1	0	0
HW2_23_02	1	0	0
HW2_23_03	1	0	0
HW2_23_04	1	0	0
HW3_23_01	1	0	0
HW3_23_02	1	0	0
HW3_23_03	1	0	0
HW3_23_04	1	0	0
HW3_23_05	1	0	0
HW3_23_06	1	0	0
HW3_23_07	1	0	0
HW3_23_08	1	0	0
HW3_23_09	1	0	0
HW3_23_10	1	0	0
HW3_23_11	1	0	0
HW4_23_01	1	0	0
HW4_23_02	1	0	0
HW4_23_03	1	0	0
HW4_23_04	1	0	0
HW4_23_05	1	0	0
HW4_23_06	1	0	0
HW4_23_07	1	0	0
HW4_23_08	1	0	0
HW4_23_09	1	0	0
HW4_23_10	1	0	0
Iron_17_031	0	1	0
Iron_17_032	0	1	0
Iron_17_033	0	1	0
Iron_17_034	0	1	0
Iron_17_036	0	1	0
Iron_17_037	0	1	0
Iron_17_038	0.502347	0.497653	0
Iron_17_039	0	1	0
Iron_17_040	0	1	0
Iron_17_042	0	1	0
Iron_17_043	0	1	0
Iron_17_044	0	1	0
Iron_17_045	0	1	0
Iron_17_046	0	1	0
Iron_17_047	0	1	0
Iron_17_048	0	1	0
Iron_17_049	0	1	0
Iron_17_050	0	1	0
Iron_17_051	0	1	0
Iron_17_052	0	1	0
Iron_17_053	0	1	0
Iron_17_054	0	1	0
Iron_17_055	0	1	0
Iron_17_056	0	1	0
Iron_17_057	0	1	0
Iron_17_058	0	1	0
Iron_17_059	0	1	0
Iron_17_060	0	1	0
JacksonFH_NA_01	0	0	1
JacksonFH_NA_02	0	0	1
JacksonFH_NA_05	0	0	1
JacksonFH_NA_07	0	0	1
JacksonFH_NA_08	0	0	1
JacksonFH_NA_09	0	0	1
JacksonFH_NA_10	0	0	1
JARMAB08_22_06	1	0	0
JARMAB8_22_01	1	0	0
JARMAB8_22_02	1	0	0
JARMAB8_22_03	1	0	0
JARMAB8_22_04	1	0	0
JARMAB8_22_05	1	0	0
JARMAB8_22_06	1	0	0
JARMAB8_22_08	1	0	0
JARMAB8_22_10	1	0	0
JARMAB8_22_11	1	0	0
JARMAB8_22_12	1	0	0
JARMAB8_22_13	1	0	0
JARMAB8_22_14	1	0	0
JARMAB8_22_16	1	0	0
JARMAB8_22_17	1	0	0
JARMAB8_22_18	1	0	0
JARMAB8_22_19	1	0	0
Kik_18_313	1	0	0
Kik_18_316	1	0	0
Kik_18_317	1	0	0
Kik_18_318	1	0	0
Kik_18_319	1	0	0
Kik_18_321	1	0	0
Kik_18_326	1	0	0
Kik_18_327	1	0	0
Kik_18_328	1	0	0
Kik_18_329	1	0	0
Kik_18_330	1	0	0
Kik_18_331	1	0	0
Kik_18_334	1	0	0
Kik_18_472	1	0	0
Kik_18_646	1	0	0
Kik_18_647	1	0	0
Kik_19_020	1	0	0
Kik_19_024	1	0	0
Kik_190_35	1	0	0
Kik_19_036	1	0	0
Kik_19_040	1	0	0
Kik_19_044	1	0	0
Kik_19_046	1	0	0
Kik_19_048	1	0	0
KilbCk_20_01	1	0	0
KilbCk_20_02	1	0	0
KilbCk_20_03	1	0	0
KilbCk_20_04	1	0	0
KilbCk_20_05	1	0	0
KilbCk_20_06	1	0	0
KilbCk_20_07	1	0	0
KilbCk_20_08	1	0	0
KilbCk_20_09	1	0	0
KilbCk_20_10	1	0	0
KilbCk_20_11	1	0	0
KilbCk_20_12	1	0	0
KilbCk_20_13	1	0	0
KilbCk_20_14	1	0	0
KilbCk_20_15	1	0	0
KilbCk_20_16	1	0	0
KilbCk_20_17	1	0	0
KilbCk_20_18	1	0	0
KilbCk_20_19	1	0	0
KilbCk_20_20	1	0	0
KilbCk_20_21	1	0	0
KilbCk_20_22	1	0	0
KilbCk_20_23	1	0	0
KilbCk_20_24	1	0	0
KilbCk_20_25	1	0	0
KilbCk_20_26	1	0	0
KilbCk_20_27	1	0	0
KilbCk_20_28	1	0	0
KilbCk_20_29	1	0	0
KilbCk_20_30	1	0	0
KO_19_5583	1	0	0
KootRiv_15_01	1	0	0
KootRiv_15_06	1	0	0
KootRiv_15_07	1	0	0
KootRiv_15_08	1	0	0
KootRiv_15_12	1	0	0
KootRiv_15_15	1	0	0
KootRiv_15_17	1	0	0
KootRiv_15_20	1	0	0
KootRiv_15_21	1	0	0
KootRiv_15_22	1	0	0
KootRiv_15_24	1	0	0
KootRiv_15_27	1	0	0
KootRiv_15_29	1	0	0
KootRiv_15_30	1	0	0
KootRiv_15_31	1	0	0
KootRiv_15_32	0.765245	0.234755	0
KootRiv_15_34	1	0	0
KootRiv_15_36	1	0	0
KootRiv_15_37	1	0	0
KootRiv_15_38	1	0	0
KootRiv_15_40	1	0	0
KootRiv_16_04	1	0	0
KootRiv_16_11	1	0	0
KootRiv_16_13	1	0	0
KootRiv_16_14	1	0	0
KootRiv_16_18	1	0	0
KootRiv_16_25	1	0	0
KootRiv_16_26	1	0	0
KootRiv_16_39	1	0	0
KootRiv_16_41	1	0	0
KootRiv_17_02	1	0	0
KootRiv_20_42	1	0	0
KRBY_22_01	1	0	0
KRBY_22_02	0.505335	0.494665	0
KRBY_22_03	0.996466	0	0.00353357
KRBY_22_05	1	0	0
KRBY_22_06	0.500906	0.499094	0
KRBY_22_07	1	0	0
KRBY_22_08	1	0	0
KRBY_22_09	1	0	0
KRBY_22_10	1	0	0
LA3_18_01	1	0	0
LA4_18_01	1	0	0
LA5_18_01	1	0	0
LA5_18_02	1	0	0
LA5_18_03	1	0	0
LA5_18_04	1	0	0
LA6_18_01	1	0	0
LA6_18_02	1	0	0
LA7_18_01	1	0	0
LA7_18_02	1	0	0
Lake_22_18	1	0	0
Lamar_13_A23	0	0	1
LamarA07	0	0	1
LamarV_16_05	0.498655	0	0.501345
Lap_23_481	0	1	0
Lap_23_482	0	1	0
Lap_23_483	0	1	0
Lap_23_484	0	1	0
Lap_23_485	0	1	0
Lap_23_486	0	1	0
Lap_23_487	0	1	0
Lap_23_488	0	1	0
Lap_23_489	0	1	0
Lap_23_490	0	1	0
Lap_23_491	0	1	0
Lap_23_492	0	1	0
Lap_23_493	0	1	0
Lap_23_494	0	1	0
Lap_23_495	0	1	0
Lap_23_496	0	1	0
Lap_23_497	0	1	0
Lap_23_498	0	1	0
Lap_23_499	0	1	0
Lap_23_500	0	1	0
Lap_23_502	0	1	0
Lap_23_503	0	1	0
Lap_23_504	0	1	0
Lap_23_505	0	1	0
Lap_23_506	0	1	0
Lap_23_507	0	1	0
Lap_23_508	0	1	0
Lap_23_509	0	1	0
Lap_23_510	0	1	0
Lap_23_NA	0	1	0
LCherry_17_211	1	0	0
LCherry_17_212	1	0	0
LCherry_17_213	1	0	0
LCherry_17_214	1	0	0
LCherry_17_215	1	0	0
LCherry_17_216	1	0	0
LCherry_17_217	1	0	0
LCherry_17_218	1	0	0
LCherry_17_219	1	0	0
LCherry_17_220	1	0	0
LCherry_17_221	1	0	0
LCherry_17_222	1	0	0
LCherry_17_223	1	0	0
LCherry_17_224	1	0	0
LCherry_17_225	1	0	0
LCherry_17_226	1	0	0
LCherry_17_227	1	0	0
LCherry_17_228	1	0	0
LCherry_17_229	1	0	0
LCherry_17_231	1	0	0
LCherry_17_232	1	0	0
LCherry_17_233	1	0	0
LCherry_17_234	1	0	0
LCherry_17_235	1	0	0
LCherry_17_236	1	0	0
LCherry_17_237	1	0	0
LCherry_17_238	1	0	0
Leigh_04_212	0	0	1
LibbyBBC_11_322	1	0	0
LibbyBBC_11_324	1	0	0
LibbyBBC_11_325	1	0	0
LibbyBBC_11_328	1	0	0
LibbyBBC_11_329	1	0	0
LibbyBBC_11_330	1	0	0
LibbyBBC_11_331	1	0	0
LibbyBBC_11_332	0.822648	0.177352	0
LibbyBBC_11_333	1	0	0
LibbyBBC_11_334	1	0	0
LibbyBBC_11_343	1	0	0
LibbyBBC_11_346	1	0	0
LibbyBBC_11_347	1	0	0
LK_2009_12_17_600	1	0	0
LK_2016_01_18_572	1	0	0
LK_2016_01_18_673	1	0	0
LK_BT_07_161	1	0	0
LKFD_16_001	1	0	0
LKFD_16_002	1	0	0
LKFD_16_003	1	0	0
LKFD_16_004	1	0	0
LKFD_16_005	1	0	0
LKFD_16_006	1	0	0
LKFD_16_007	1	0	0
LKFD_16_008	1	0	0
LKFD_16_009	1	0	0
LKFD_16_010	1	0	0
LKFD_16_011	1	0	0
LKFD_16_012	1	0	0
LKFD_16_013	1	0	0
LKFD_16_014	1	0	0
LKFD_16_015	1	0	0
LKFD_16_016	1	0	0
LKFD_16_017	1	0	0
LKFD_16_018	1	0	0
LKFD_16_019	1	0	0
LKFD_16_020	1	0	0
LKFD_16_021	1	0	0
LKFD_16_022	1	0	0
LKFD_16_023	1	0	0
LKFD_17_01	1	0	0
LKFD_17_02	1	0	0
LKFD_17_03	1	0	0
LKFD_17_04	1	0	0
LKFD_17_05	1	0	0
LKFD_17_06	1	0	0
LKFD_17_07	1	0	0
LKFD_17_08	1	0	0
LKFD_17_09	1	0	0
LKFD_17_10	1	0	0
LKFD_17_11	1	0	0
LKFD_18_02	1	0	0
LKFD_18_03	1	0	0
LKFD_18_04	1	0	0
LKFD_18_05	1	0	0
LKFD_18_09	1	0	0
LKFD_18_11	1	0	0
LKFD_19_02	1	0	0
LKFD_19_03	1	0	0
LKFD_19_05	1	0	0
LKFD_19_06	1	0	0
LKFD_19_07	1	0	0
LKFD_19_08	1	0	0
LKFD_19_09	1	0	0
LKFD_19_10	1	0	0
LKFD_19_11	1	0	0
LKFD_19_12	1	0	0
LKFD_19_13	1	0	0
LKFD_19_14	1	0	0
LKFD_20_01	1	0	0
LKFD_20_02	1	0	0
LKFD_20_06	1	0	0
LKFD_22_01	1	0	0
LKFD_22_05	1	0	0
LKFD_22_07	1	0	0
LKFD_22_08	1	0	0
LKFD_22_09	1	0	0
LKFD_22_10	1	0	0
LKFD_22_11	1	0	0
LKFD_22_12	1	0	0
LKFD_22_14_1	1	0	0
LKFD_22_14	1	0	0
LLRB_14_01	1	0	0
LLRB_14_02	1	0	0
LLRB_14_03	1	0	0
LLRB_14_04	1	0	0
LLRB_14_05	1	0	0
LLRB_14_06	1	0	0
LoGeig_17_01	0	1	0
LoGeig_17_02	0	1	0
LoGeig_17_03	0	1	0
LoGeig_17_04	0.50299	0.49701	0
LoGeig_17_05	0	1	0
LoGeig_17_06	0	1	0
LoGeig_17_07	0	1	0
LoGeig_17_08	0	1	0
LoGeig_17_09	0	1	0
LoGeig_17_10	0	1	0
LoGeig_17_11	0	1	0
LoGeig_17_12	0.499851	0.500149	0
LoGeig_17_13	0.5	0.5	0
LoGeig_17_14	0	1	0
LoGeig_17_15	0.488682	0.511318	0
LoGeig_17_16	0	1	0
LoGeig_17_17	0	1	0
LoGeig_17_18	0	1	0
LoGeig_17_19	0	1	0
LoGeig_17_20	0	1	0
LoGeig_17_21	0	1	0
LoGeig_17_22	0	1	0
LoGeig_17_23	0	1	0
LoGeig_17_24	1	0	0
LoGeig_17_25	0	1	0
LoGeig_17_26	0.502918	0.497082	0
LoGeig_17_27	0.502932	0.497068	0
LoGeig_17_28	0	1	0
LoGeig_17_29	0	1	0
LoGeig_17_30	0	1	0
LoLamar_16_26	0.501846	0	0.498154
Lone46_22_46_01	1	0	0
LostFork_23_391	0	1	0
LostFork_23_392	0	1	0
LostFork_23_393	0	1	0
LostFork_23_394	0	1	0
LostFork_23_395	0	1	0
LostFork_23_396	0	1	0
LostFork_23_397	0	1	0
LostFork_23_398	0	1	0
LostFork_23_399	0	1	0
LostFork_23_400	0	1	0
LostFork_23_401	0	1	0
LostFork_23_402	0	1	0
LostFork_23_403	0	1	0
LostFork_23_404	0	1	0
LostFork_23_405	0	1	0
LostFork_23_406	0	1	0
LostFork_23_407	0	1	0
LowerCedarLk_20_001	1	0	0
LowerCedarLk_20_003	1	0	0
LowerCedarLk_20_004	1	0	0
LowerCedarLk_20_005	1	0	0
LowerCedarLk_20_006	1	0	0
LowerCedarLk_20_007	1	0	0
LowerCedarLk_20_008	1	0	0
LowerCedarLk_20_010	1	0	0
LowerCedarLk_20_011	1	0	0
LowerCedarLk_20_012	1	0	0
LowerCedarLk_20_013	1	0	0
LowerCedarLk_20_014	1	0	0
LowerCedarLk_20_015	1	0	0
LowerCedarLk_20_016	1	0	0
LowerCedarLk_20_017	1	0	0
LowerCedarLk_20_018	1	0	0
LowerCedarLk_20_019	1	0	0
LowerCedarLk_20_020	1	0	0
LowerCedarLk_20_021	1	0	0
LowerCedarLk_20_022	1	0	0
LowerCedarLk_20_023	1	0	0
LowerCedarLk_20_024	1	0	0
LowerCedarLk_20_025	1	0	0
LowerCedarLk_20_026	1	0	0
LowerCedarLk_20_027	1	0	0
LowerCedarLk_20_028	1	0	0
LowerCedarLk_20_029	1	0	0
LowerCedarLk_20_031	1	0	0
LowerCedarLk_20_032	1	0	0
LowerCedarLk_20_033	1	0	0
LowerCedarLk_20_034	1	0	0
LowerCedarLk_20_035	1	0	0
LowerCedarLk_20_036	1	0	0
LowerCedarLk_20_037	1	0	0
LowerCedarLk_20_038	1	0	0
LowerCedarLk_20_039	1	0	0
LowerCedarLk_20_040	1	0	0
LSM_14_01	0	1	0
LSM_14_02	0	1	0
LSM_14_05	0.496359	0.503641	0
LSM_14_06	0	1	0
LSM_14_08	0	1	0
LSM_14_10	0	1	0
LSM_14_11	0.505147	0.494853	0
LSM_14_19	0.500917	0.499083	0
LSM_14_21	0.0183646	0.981635	0
LSM_14_25	0	1	0
LSM_14_26	0	1	0
LSM_14_27	0	1	0
LSM_14_28	0	1	0
LSM_14_31	0	1	0
LSM_14_37	0	1	0
LSM_14_39	0.507055	0.492945	0
LSM_14_41	0	1	0
LSM_14_43	0	1	0
LSM_14_44	0	1	0
LSM_14_48	0.501207	0.498793	0
LSM_14_51	0	1	0
LSM_14_53	0	1	0
LSM_14_54	0	1	0
LSM_14_55	0	1	0
ltlmission_23_14	0	0	1
ltlmission_23_25	0	0	1
ltlmission_23_26	0	0	1
MAC6_17_04	1	0	0
MAC6_17_11	1	0	0
MAC6_17_12	1	0	0
MAC6_17_13	1	0	0
MAC6_17_16	1	0	0
MAC6_17_17	1	0	0
MAC6_17_18	1	0	0
MAC6_17_19	1	0	0
MAC6_17_20	1	0	0
MAC6_17_24	1	0	0
MAC6_17_25	1	0	0
MAC6_17_26	1	0	0
MAC6_17_27	1	0	0
MAC6_17_30_1	1	0	0
MAC6_17_30	1	0	0
MAS6_21_01	1	0	0
MAS6_21_02	1	0	0
MAS6_21_03	1	0	0
MAS6_21_04	1	0	0
MAS6_21_05	1	0	0
MAS6_21_06	1	0	0
MAS6_21_07	1	0	0
MAS6_21_08	1	0	0
MAS6_21_09	1	0	0
MAS6_21_10	1	0	0
MAS6_21_11	1	0	0
MAS6_21_12	1	0	0
MAS6_21_13	1	0	0
MAS6_21_14	1	0	0
MAS6_21_15	1	0	0
MC_DE_0006	1	0	0
MC_WA_0014	1	0	0
MC_WA_0018	1	0	0
MC_WA_0019	1	0	0
Meatrack_20_15	0	0	1
Meatrack_20_19	0	0	1
MG_23_RB	0.993007	0	0.00699301
MillFork_23_201	0	0	1
MinorLk_20_001	0	0	1
MinorLk_20_002	0	0	1
MinorLk_20_003	0	0.0839043	0.916096
MinorLk_20_004	0	0.397233	0.602767
MinorLk_20_005	0	0	1
MinorLk_20_006	0	0.125072	0.874928
MinorLk_20_007	0	0.37588	0.62412
MinorLk_20_009	0	0.0725664	0.927434
MinorLk_20_010	0	0.171605	0.828395
MinorLk_20_010_R	0	0.173144	0.826856
MinorLk_20_011	0	0.170846	0.829154
MinorLk_20_012	0	0	1
MinorLk_20_013	0	0	1
MinorLk_20_014	0	0.119989	0.880011
MinorLk_20_015	0	0.0798029	0.920197
MinorLk_20_017	0	0.18432	0.81568
MinorLk_20_018	0	0.408397	0.591603
MinorLk_20_019	0	0.0863513	0.913649
MinorLk_20_020	0	0	1
MinorLk_20_021	0	0.505467	0.494533
MinorLk_20_022	0	0.136384	0.863616
MinorLk_20_023	0	0.11342	0.88658
MinorLk_20_024	0	0	1
MinorLk_20_026	0	0.137619	0.862381
MinorLk_20_028	0	0.0878665	0.912133
MK1_23_02	1	0	0
MK1_23_03	1	0	0
MK1_23_04	1	0	0
MK2_23_01	1	0	0
MK2_23_02	1	0	0
MK2_23_03	1	0	0
MK2_23_04	1	0	0
MK2_23_05	1	0	0
MK2_23_06	1	0	0
MK2_23_08	1	0	0
MK2_23_09	1	0	0
MK2_23_10	1	0	0
MK2_23_11	1	0	0
MON4_23_13	0.510101	0.489899	0
MON4_23_14	0.506005	0.493995	0
MON5a_23_01	0	1	0
MSGerrard_22_02	1	0	0
MSGerrard_22_03	1	0	0
MSGerrard_22_04	1	0	0
MSGerrard_22_06	1	0	0
MSGerrard_22_08	1	0	0
MSGerrard_22_11	1	0	0
MSGerrard_22_12	1	0	0
MSGerrard_22_13	1	0	0
MSGerrard_22_14	1	0	0
MSGerrard_22_15	1	0	0
MSGerrard_22_16	1	0	0
MSGerrard_22_17	1	0	0
MSGerrard_22_18	1	0	0
MSGerrard_22_19	1	0	0
MSGerrard_22_21	1	0	0
MSGerrard_22_22	1	0	0
MSGerrard_22_23	1	0	0
MSGerrard_22_24	1	0	0
MSGerrard_22_25	1	0	0
MSGerrard_22_26	1	0	0
MSGerrard_22_27	1	0	0
MSGerrard_22_28	1	0	0
MSGerrard_22_29	1	0	0
MSGerrard_22_30	1	0	0
MSH_13_22	1	0	0
MtHenry_20_01	1	0	0
MtHenry_20_02	1	0	0
MtHenry_20_03	1	0	0
MtHenry_20_04	1	0	0
MtHenry_20_05	1	0	0
MtHenry_20_06	1	0	0
MtHenry_20_07	1	0	0
MtHenry_20_08	1	0	0
MtHenry_20_09	1	0	0
MtHenry_20_10	1	0	0
MtHenry_20_11	1	0	0
MtHenry_20_12	1	0	0
MtHenry_20_13	1	0	0
MtHenry_20_14	1	0	0
MtHenry_20_15	1	0	0
MtHenry_20_16	1	0	0
MtHenry_20_17	1	0	0
MtHenry_20_18	1	0	0
MtHenry_20_19	1	0	0
MtHenry_20_20	1	0	0
MtHenry_20_21	1	0	0
MtHenry_20_22	1	0	0
MtHenry_20_23	1	0	0
MtHenry_20_24	1	0	0
MtHenry_20_25	1	0	0
MtHenry_20_26	1	0	0
MtHenry_20_27	1	0	0
MtHenry_20_28	1	0	0
MtHenry_20_29	1	0	0
MtHenry_20_30	1	0	0
Murry3yr_24	1	0	0
NCF161	1	0	0
NCF_NA_161	1	0	0
NFLT_22_2386	0.5	0.5	0
NFLT_22_2387	0.502658	0.497342	0
No_17_152	0	1	0
No_17_153	0	1	0
No_17_154	0	1	0
No_17_155	0	1	0
No_17_157	0	1	0
No_17_159	0	1	0
No_17_160	0	1	0
No_17_161	0	1	0
No_17_162	0	1	0
No_17_163	0	1	0
No_17_165	0	1	0
No_17_166	0	1	0
No_17_167	0	1	0
No_17_168	0	1	0
No_17_171	0	1	0
No_17_172	0	1	0
No_17_173	0	1	0
No_17_174	0	1	0
No_17_175	0	1	0
No_17_176	0	1	0
No_17_179	0	1	0
No_17_180	0	1	0
No_17_481	0	1	0
No_17_482	0	1	0
No_17_483	0	1	0
No_17_484	0	1	0
No_17_485	0	1	0
No_17_486	0	1	0
No_17_487	0	1	0
No_17_488	0	1	0
OBrien_11_486	1	0	0
OBrien_11_487	1	0	0
OBrien_11_488	1	0	0
OBrien_11_489	1	0	0
OBrien_11_490	1	0	0
OBrien_11_491	1	0	0
OBrien_11_492	1	0	0
OBrien_11_493	1	0	0
OBrien_11_494_1	0.505613	0.494387	0
OBrien_11_494	0.503773	0.496227	0
OBrien_11_495	1	0	0
OBrien_11_496	0.502653	0.497347	0
OBrien_11_497	0.501845	0.498155	0
OBrien_11_498	0.499921	0.500079	0
OBrien_11_499	1	0	0
Parm_17_251	1	0	0
Parm_17_252	1	0	0
Parm_17_253	1	0	0
Parm_17_254	1	0	0
Parm_17_255	1	0	0
Parm_17_256	1	0	0
Parm_17_257	1	0	0
Parm_17_258	1	0	0
Parm_17_259	1	0	0
Parm_17_260	1	0	0
Parm_17_261	1	0	0
Parm_17_262	1	0	0
Parm_17_263	1	0	0
Parm_17_264	1	0	0
Parm_17_265	1	0	0
Parm_17_266	1	0	0
Parm_17_268	1	0	0
Parm_17_269	1	0	0
Parm_17_270	1	0	0
Parm_17_271	1	0	0
Parm_17_272	1	0	0
Parm_17_273	1	0	0
Parm_17_274	1	0	0
Parm_17_275	1	0	0
Parm_17_276	1	0	0
Parm_17_278	1	0	0
Parm_17_279	1	0	0
Parm_17_280	1	0	0
Parm_17_281	1	0	0
Parm_17_283	1	0	0
ParmenterCr_20_001	1	0	0
ParmenterCr_20_002	1	0	0
ParmenterCr_20_003	1	0	0
ParmenterCr_20_004	1	0	0
ParmenterCr_20_005	1	0	0
ParmenterCr_20_006	1	0	0
ParmenterCr_20_007	0.499076	0.500924	0
ParmenterCr_20_008	1	0	0
ParmenterCr_20_009	1	0	0
ParmenterCr_20_010	1	0	0
ParmenterCr_20_011	1	0	0
ParmenterCr_20_012	1	0	0
ParmenterCr_20_013	1	0	0
ParmenterCr_20_014	1	0	0
ParmenterCr_20_015	1	0	0
ParmenterCr_20_016	1	0	0
ParmenterCr_20_017	1	0	0
ParmenterCr_20_018	1	0	0
ParmenterCr_20_019	1	0	0
ParmenterCr_20_020	1	0	0
ParmenterCr_20_021	1	0	0
ParmenterCr_20_022	1	0	0
ParmenterCr_20_023	1	0	0
ParmenterCr_20_024	1	0	0
ParmenterCr_20_025	1	0	0
ParmenterCr_20_026	1	0	0
ParmenterCr_20_027	1	0	0
ParmenterCr_20_028	1	0	0
ParmenterCr_20_029	1	0	0
ParmenterCr_20_030	1	0	0
ParmenterCr_20_031	1	0	0
ParmenterCr_20_032	1	0	0
ParmenterCr_20_033	1	0	0
ParmenterCr_20_034	1	0	0
ParmenterCr_20_035	1	0	0
ParmenterCr_20_036	1	0	0
ParmenterCr_20_037	1	0	0
ParmenterCr_20_038	1	0	0
ParmenterCr_20_039	1	0	0
ParmenterCr_20_040	1	0	0
ParmenterCr_20_041	1	0	0
ParmenterCr_20_042	1	0	0
ParmenterCr_20_043	1	0	0
ParmenterCr_20_044	1	0	0
ParmenterCr_20_045	1	0	0
ParmenterCr_20_046	1	0	0
ParmenterCr_20_047	1	0	0
ParmenterCr_20_048	1	0	0
ParmenterCr_20_049	1	0	0
ParmenterCr_20_050	1	0	0
ParmenterCr_20_051	1	0	0
ParmenterCr_20_052	1	0	0
ParmenterCr_20_053	1	0	0
ParmenterCr_20_054	1	0	0
ParmenterCr_20_055	1	0	0
ParmenterCr_20_056	1	0	0
ParmenterCr_20_057	1	0	0
ParmenterCr_20_058	1	0	0
ParmenterCr_20_059	1	0	0
ParmenterCr_20_060	1	0	0
ParmenterCr_20_061	1	0	0
ParmenterCr_20_062	1	0	0
ParmenterCr_20_063	1	0	0
ParmenterCr_20_064	1	0	0
ParmenterCr_20_065	1	0	0
ParmenterCr_20_066	1	0	0
ParmenterCr_20_067	1	0	0
ParmenterCr_20_067_R	1	0	0
ParmenterCr_20_068	1	0	0
ParmenterCr_20_069	1	0	0
ParmenterCr_20_070	1	0	0
ParmenterCr_20_071	1	0	0
ParmenterCr_20_072	1	0	0
ParmenterCr_20_073	1	0	0
ParmenterCr_20_075	1	0	0
ParmenterCr_20_076	1	0	0
ParmenterCr_20_077	1	0	0
ParmenterCr_20_078	1	0	0
ParmenterCr_20_079	1	0	0
ParmenterCr_20_080	1	0	0
ParmenterCr_20_081	1	0	0
ParmenterCr_20_082	1	0	0
ParmenterCr_20_083	1	0	0
ParmenterCr_20_084	1	0	0
ParmenterCr_20_085	1	0	0
ParmenterCr_20_086	1	0	0
ParmenterCr_20_087	1	0	0
ParmenterCr_20_088	1	0	0
ParmenterCr_20_089	1	0	0
ParmenterCr_20_090	1	0	0
Pennask_17_36	1	0	0
Pennask_17_37	1	0	0
Pennask_17_38	1	0	0
Pennask_17_39	1	0	0
Pennask_17_40	1	0	0
Pennask_17_41	1	0	0
Pennask_17_42	1	0	0
Pennask_17_43	1	0	0
Pennask_17_44_1	1	0	0
Pennask_17_44	1	0	0
Pennask_17_45	1	0	0
Pennask_17_46	1	0	0
Pennask_17_47	1	0	0
Pennask_17_48	1	0	0
Pennask_17_49	1	0	0
Pennask_17_50	1	0	0
Pennask_17_51	1	0	0
Pennask_17_52	1	0	0
Pennask_17_53	1	0	0
Pennask_17_54	1	0	0
Pennask_17_55	1	0	0
Pennask_17_56	1	0	0
Pennask_17_57	1	0	0
Pennask_17_58	1	0	0
Pennask_17_59	1	0	0
Pennask_17_60	1	0	0
Pennask_17_61	1	0	0
Pennask_17_62	1	0	0
Pennask_17_63	1	0	0
Pennask_17_64	1	0	0
Pennask_17_65	1	0	0
PIN1496	1	0	0
Piney_16_06	0	0	1
Poorman_24_01	1	0	0
Poorman_24_02	1	0	0
Poorman_24_03	1	0	0
Poorman_24_04	1	0	0
Poorman_24_05	1	0	0
Poorman_24_06	1	0	0
Poorman_24_07	1	0	0
Poorman_24_08	1	0	0
Poorman_24_09	1	0	0
Poorman_24_10	1	0	0
Poorman_24_11	1	0	0
Poorman_24_12	1	0	0
Poorman_24_13	1	0	0
Poorman_24_14	1	0	0
Poorman_24_15	1	0	0
Poorman_24_16	1	0	0
Poorman_24_17	1	0	0
Poorman_24_18	1	0	0
Poorman_24_19	1	0	0
Poorman_24_20	1	0	0
Poorman_24_21	1	0	0
Poorman_24_22	1	0	0
Poorman_24_23	1	0	0
Poorman_24_24	1	0	0
Poorman_24_25	1	0	0
Poorman_24_26	1	0	0
Porc_17_01	0	1	0
Porc_17_02	0	1	0
Porc_17_03	0	1	0
Porc_17_04	0	1	0
Porc_17_05	0	1	0
Porc_17_06	0	1	0
Porc_17_07	0	1	0
Porc_17_08	0	1	0
Porc_17_09	0	1	0
Porc_17_10	0	1	0
Porc_17_11	0	1	0
Porc_17_12	0.502262	0.497738	0
Porc_17_13	0	1	0
Porc_17_14	0	1	0
Porc_17_15	0	1	0
Porc_17_16	0	1	0
Porc_17_17	0	1	0
Porc_17_18	0	1	0
Porc_17_19	0	1	0
Porc_17_20	0	1	0
Porc_17_21	0	1	0
Porc_17_22	0	1	0
Porc_17_23	0	1	0
Porc_17_24	0	1	0
Porc_17_25	0	1	0
Porc_17_26	0.499986	0.500014	0
Porc_17_27	0	1	0
Porc_17_28	0	1	0
Porc_17_29	0	1	0
Porc_17_30	0	1	0
Porcupine_23_121	0	1	0
Porcupine_23_122	0	1	0
Porcupine_23_123	0	1	0
Porcupine_23_124	0	1	0
Porcupine_23_125	0	1	0
Porcupine_23_126	0	1	0
Porcupine_23_127	0	1	0
Porcupine_23_128	0	1	0
Porcupine_23_129	0	1	0
Porcupine_23_130	0	1	0
Porcupine_23_131	0	1	0
Porcupine_23_132	0	1	0
Porcupine_23_133	0	1	0
Porcupine_23_134	0	1	0
Porcupine_23_135	0	1	0
Porcupine_23_136	0	1	0
Porcupine_23_137	0	1	0
Porcupine_23_138	0	1	0
Porcupine_23_139	0	1	0
Porcupine_23_140	0	1	0
Porcupine_23_141	0	1	0
Porcupine_23_142	0	1	0
Porcupine_23_143	0	1	0
Porcupine_23_144	0	1	0
Porcupine_23_145	0	1	0
Porcupine_23_146	0	1	0
Quartz_10_141	1	0	0
Quartz_10_142	1	0	0
Quartz_10_144	1	0	0
Quartz_10_148	1	0	0
Quartz_10_149	1	0	0
Quartz_10_153	1	0	0
Rabelo_23_28	0.490022	0.509978	0
Rabelo_23_29	0.493781	0.506219	0
Rabelo_23_30	0.492109	0.507891	0
RabeUp_23_01	1	0	0
Ramsey_24_01	1	0	0
Ramsey_24_02	1	0	0
Ramsey_24_03	1	0	0
Ramsey_24_04	1	0	0
Ramsey_24_05	1	0	0
Ramsey_24_06	1	0	0
Ramsey_24_07_1	1	0	0
Ramsey_24_07	1	0	0
Ramsey_24_08	1	0	0
Ramsey_24_09	1	0	0
Ramsey_24_10	1	0	0
Ramsey_24_11	1	0	0
Ramsey_24_12	1	0	0
Ramsey_24_13	1	0	0
Ramsey_24_14	1	0	0
Ramsey_24_15	1	0	0
Ramsey_24_16	1	0	0
Ramsey_24_17	1	0	0
Ramsey_24_18	1	0	0
Ramsey_24_19	1	0	0
Ramsey_24_20	1	0	0
Ramsey_24_21	1	0	0
Ramsey_24_22	1	0	0
Ramsey_24_23	1	0	0
Ramsey_24_24	1	0	0
Ramsey_24_25	1	0	0
Ramsey_24_26	1	0	0
RBT10	1	0	0
RBT37	1	0	0
RBT46	1	0	0
RC_19_017	1	0	0
RC_19_034	1	0	0
RC_19_040	1	0	0
RC_19_051	1	0	0
RC_19_099	1	0	0
RCF_19_05	1	0	0
RCF_19_12	1	0	0
RCF_19_17	1	0	0
Rock_18_20	0.497227	0.502773	0
S17mile_23_151	0	1	0
S17mile_23_152	0.504437	0.495563	0
S17mile_23_153	0	1	0
S17mile_23_154	0	1	0
S17mile_23_155	0	1	0
S17mile_23_156	0	1	0
S17mile_23_157	0	1	0
S17mile_23_158	0	1	0
S17mile_23_159	0	1	0
S17mile_23_160	0	1	0
S17mile_23_161	0	1	0
S17mile_23_162	0	1	0
S17mile_23_163_1	0	1	0
S17mile_23_163	0	1	0
S17mile_23_164_1	0	1	0
S17mile_23_164	0	1	0
S17mile_23_165_1	0	1	0
S17mile_23_165	0	1	0
S17mile_23_166_1	0	1	0
S17mile_23_166	0	1	0
S17mile_23_168	0	1	0
S17mile_23_169	0	1	0
S17mile_23_170	0	1	0
S17mile_23_171	0	1	0
S17mile_23_172	0	1	0
S17mile_23_173	0	1	0
S17mile_23_174	0	1	0
S17mile_23_175	0	1	0
S17mile_23_176	0	1	0
S17mile_23_177	0.508091	0.491909	0
S17mile_23_178	0	1	0
S17mile_23_179	0	1	0
S17mile_23_180	0	1	0
SAC1_04__08_1	1	0	0
SAC1_04_08	1	0	0
SAC1_04_10_1	0	1	0
SAC1_04_10	0	1	0
SAC1_04_11_1	0	1	0
SAC1_04_11	0	1	0
SAC1_04_12_1	1	0	0
SAC1_04_12	1	0	0
SAC1_04_13_1	1	0	0
SAC1_04_13	1	0	0
SAC1_04_14_1	0	1	0
SAC1_04_14	0	1	0
SAC1_04_15_1	0	1	0
SAC1_04_15	0	1	0
Sand_15_046	0	1	0
Sand_15_047	0	1	0
Sand_15_048	0	1	0
Sand_15_050	0	1	0
Sand_15_051	1	0	0
Sand_15_052	0	1	0
Sand_15_054	0	1	0
Sand_15_056	1	0	0
Sand_15_057	0	1	0
Sand_15_058	1	0	0
Sand_15_059	1	0	0
Sand_15_060	0	1	0
Sand_15_062	0	1	0
Sand_15_063	0.512568	0.487432	0
Sand_15_065	1	0	0
Sand_15_066	1	0	0
Sand_15_791	1	0	0
Sand_15_795	0	1	0
Sand_15_797	1	0	0
Sand_15_798	0	1	0
SB2_23_01_1	1	0	0
SB2_23_01	1	0	0
SB2_23_02	1	0	0
SB2_23_03	1	0	0
SB2_23_04	1	0	0
SB2_23_05	1	0	0
SB2_23_06	1	0	0
SB2_23_07	1	0	0
SB2_23_09	1	0	0
SB2_23_10	1	0	0
SB2_23_12	1	0	0
SB2_23_13	1	0	0
SB3_23_01	1	0	0
SB3_23_03	1	0	0
SB3_23_04	1	0	0
SB3_23_05	1	0	0
SB3_23_06	1	0	0
SB3_23_08	1	0	0
SFHorse_20_36	0	0	1
SFHorse_20_37	0	0	1
SFishL_21_01	1	0	0
SFishL_21_02	1	0	0
SFishL_21_03	1	0	0
SFishL_21_04	1	0	0
SFishL_21_05	1	0	0
SFishL_21_06	1	0	0
SFishL_21_07	1	0	0
SFishL_21_08	1	0	0
SFishL_21_09	1	0	0
SFishL_21_10	1	0	0
SFishL_21_11	1	0	0
SFishL_21_12	1	0	0
SFishL_21_13	1	0	0
SFishL_21_14	1	0	0
SFishL_21_15	1	0	0
SFishL_21_16	1	0	0
SFishL_21_17	1	0	0
SFishL_21_18	1	0	0
SFishL_21_19	1	0	0
SFishL_21_20	1	0	0
SFishL_21_21	1	0	0
SFishL_21_22	1	0	0
SFishL_21_23	1	0	0
SFishL_21_24	1	0	0
SFishL_21_25	1	0	0
SFishL_21_26	1	0	0
SH_11_1150	1	0	0
Shaoal_01_212	0	0	1
ShoalW_03_04	0	0	1
Silverbow_23_061_1	0	1	0
Silverbow_23_061	0	1	0
Silverbow_23_062_1	0	1	0
Silverbow_23_062	0	1	0
Silverbow_23_063_1	0	1	0
Silverbow_23_063	0	1	0
Silverbow_23_064_1	0	1	0
Silverbow_23_064	0	1	0
Silverbow_23_065	0	1	0
Silverbow_23_066	0	1	0
Silverbow_23_067	0	1	0
Silverbow_23_068	0	1	0
Silverbow_23_069	0	1	0
Silverbow_23_070	0	1	0
Silverbow_23_071	0	1	0
Silverbow_23_072	0	1	0
Silverbow_23_073	0	1	0
Silverbow_23_074	0	1	0
Silverbow_23_075	0	1	0
Silverbow_23_076	0	1	0
Silverbow_23_078	0	1	0
Silverbow_23_079	0	1	0
Silverbow_23_080	0	1	0
Silverbow_23_081	0	1	0
Silverbow_23_082	0	1	0
Silverbow_23_083	0	1	0
Silverbow_23_084	0	1	0
Silverbow_23_085	0	1	0
Silverbow_23_086	0	1	0
Silverbow_23_087	0	1	0
Silverbow_23_088	0	1	0
Silverbow_23_089	0	1	0
Silverbow_23_090	0	1	0
sixmile_23_12	0	0	1
sixmile_23_16	0	0	1
SK48_15_01_1	1	0	0
SK48_15_01	1	0	0
SK48_15_02	1	0	0
SK48_15_03	1	0	0
SK49_15_01	1	0	0
SK49_15_02	1	0	0
SK49_15_03	1	0	0
SK49_15_04	1	0	0
SK49_15_05	1	0	0
SL1_24_02	1	0	0
SL1_24_05	1	0	0
SL2_24_01	1	0	0
SL2_24_03	1	0	0
SL3_24_01	1	0	0
SL3_24_02	1	0	0
SL4_24_01	1	0	0
SL5_24_01	1	0	0
SL5_24_04	1	0	0
SL5_24_08	1	0	0
SL5_24_09	1	0	0
SL5_24_14	1	0	0
SL5_24_22	1	0	0
SL5_24_23	1	0	0
SL5_24_25	1	0	0
SL5_24_29	1	0	0
SL5_24_30	1	0	0
SL6_24_01	0	1	0
SL7_24_02	1	0	0
SLFH_24_01	1	0	0
SLFH_24_02	1	0	0
SLFH_24_05	1	0	0
SLFH_24_06	1	0	0
SLFH_24_07	1	0	0
SLFH_24_08	1	0	0
SLFH_24_09	1	0	0
SLFH_24_10	1	0	0
SLFH_24_11	1	0	0
SLFH_24_12	1	0	0
SLFH_24_13	1	0	0
SLFH_24_14	1	0	0
SLFH_24_15	1	0	0
SLFH_24_16	1	0	0
SLFH_24_17	1	0	0
SLFH_24_18	1	0	0
SLFH_24_19	1	0	0
SLFH_24_20	1	0	0
SLFH_24_21	1	0	0
SLFH_24_22	1	0	0
SLFH_24_23	1	0	0
SLFH_24_24	1	0	0
SLFH_24_25	1	0	0
SLFH_24_26	1	0	0
SLFH_24_27	1	0	0
SLFH_24_28	1	0	0
SLFH_24_29	1	0	0
SLFH_24_30	1	0	0
SLFH_24_31	1	0	0
SLFH_24_32	1	0	0
SLFH_24_33	1	0	0
SLFH_24_34	1	0	0
SLFH_24_35	1	0	0
SLFH_24_36	1	0	0
SLFH_24_37	1	0	0
SLFH_24_38	1	0	0
SLFH_24_39	1	0	0
SLFH_24_40	1	0	0
SLFH_24_41	1	0	0
SLFH_24_42	1	0	0
SLFH_24_43	1	0	0
SLFH_24_44	1	0	0
SLFH_24_45	1	0	0
SLFH_24_46	1	0	0
SLFH_24_47	1	0	0
SLFH_24_48	1	0	0
SLFH_24_49	1	0	0
SLFH_24_50	1	0	0
Slough_17_18	0	0	1
Slough_17_19	0	0	1
SML_20_154	0	1	0
SML_20_155	0	1	0
SML_20_156	0	1	0
SML_20_157	0.511427	0.488573	0
SML_20_158	0	1	0
SML_20_159	0	1	0
SML_20_160	0	1	0
SML_20_170_1	0.506311	0.493689	0
SML_20_170	0.508521	0.491479	0
SML_20_181	0	1	0
SML_20_182	0	1	0
SML_20_183	0	1	0
SML_20_186	0	1	0
SML_20_189	0	1	0
SML_20_190	0	1	0
SML_20_191	0	1	0
SML_20_192	0	1	0
SML_20_193	0	1	0
SML_20_194	0	1	0
SML_20_195	0	1	0
SML_20_196	0	1	0
SML_20_198	0	1	0
SML_20_199	0	1	0
SML_20_200	0	1	0
SML_20_297	0	1	0
SML_20_309	0.494482	0.505518	0
SML_20_366_1	1	0	0
SML_20_366	1	0	0
SML_20_375	0	1	0
SML_20_394	0	1	0
SML_20_395	0	1	0
SML_20_396	0.502703	0.497297	0
SnowSlo_21_01	1	0	0
SnowSlo_21_02	1	0	0
SnowSlo_21_03	1	0	0
SnowSlo_21_04_1	1	0	0
SnowSlo_21_04	1	0	0
SnowSlo_21_05	1	0	0
SnowSlo_21_06	1	0	0
SnowSlo_21_07	1	0	0
SnowSlo_21_08	1	0	0
SnowSlo_21_09	1	0	0
SnowSlo_21_10	1	0	0
SnowSlo_21_11	1	0	0
SnowSlo_21_12	1	0	0
SnowSlo_21_13	1	0	0
SnowSlo_21_14	1	0	0
SnowSlo_21_15	1	0	0
SnowSlo_21_16	1	0	0
SnowSlo_21_17	1	0	0
SnowSlo_21_18	1	0	0
SnowSlo_21_20	1	0	0
SnowSlo_21_21	1	0	0
SnowSlo_21_22	1	0	0
SnowSlo_21_25	1	0	0
SnowSlo_21_26	1	0	0
SnowSlo_21_27	1	0	0
SnowSlo_21_28	1	0	0
SnowSUp_21_01	1	0	0
SnowSUp_21_02	1	0	0
SnowSUp_21_03	1	0	0
SnowSUp_21_04	0.502783	0.497217	0
SnowSUp_21_05	1	0	0
SnowSUp_21_06	1	0	0
SnowSUp_21_07	1	0	0
SnowSUp_21_08	0.502938	0.497062	0
SnowSUp_21_11	1	0	0
SnowSUp_21_12	1	0	0
SnowSUp_21_13	1	0	0
SnowSUp_21_14	1	0	0
SnowSUp_21_15	1	0	0
SnowSUp_21_16	1	0	0
SnowSUp_21_17	1	0	0
SnowSUp_21_18	1	0	0
SnowSUp_21_19	1	0	0
SnowSUp_21_20	1	0	0
SnowSUp_21_21	0.508088	0.491912	0
SnowSUp_21_22	0.506243	0.493757	0
SnowSUp_21_23	0.502918	0.497082	0
SnowSUp_21_24	0.501845	0.498155	0
SnowSUp_21_25	0	1	0
SnowSUp_21_26	0.506226	0.493774	0
SnowSUp_21_27	0	1	0
SnowSUp_21_28	0.503527	0.496473	0
SnowSUp_21_29	1	0	0
SR_HL_0507	1	0	0
SR_HL_0525	1	0	0
SR_HL_0526	1	0	0
SR_HL_0528	1	0	0
SR_HL_0536	1	0	0
StahlSS21_001	0	1	0
StahlSS21_002	0	1	0
StahlSS21_003	0	1	0
StahlSS21_004	0	1	0
StahlSS21_005	0	1	0
StahlSS21_006	0	1	0
StahlSS21_007	0	1	0
StahlSS21_008	0	1	0
StahlSS21_009	0	1	0
StahlSS21_010	0	1	0
StahlSS21_011	0	1	0
StahlSS21_013	0	1	0
StahlSS21_014	0	1	0
StahlSS21_016	0	1	0
StahlSS21_017	0	1	0
StahlSS21_018	0	1	0
StahlSS21_021	0	1	0
StahlSS21_022	0	1	0
StahlSS21_023	0	1	0
StahlSS21_024	0	1	0
StahlSS21_025	0	1	0
StahlSS21_026	0	1	0
StahlSS21_027	0	1	0
StahlSS21_028	0	1	0
StahlSS21_029	0	1	0
StahlSS21_030	0	1	0
StahlSS21_031	0	1	0
StahlSS21_032	0	1	0
StahlSS21_033	0	1	0
StahlSS21_034	0	1	0
StahlSS21_035	0	1	0
StahlSS21_036	0	1	0
StahlSS21_037	0	1	0
StahlSS21_038	0	1	0
StahlSS21_040	0	1	0
StahlSS21_041	0	1	0
StahlSS21_042	0	1	0
StahlSS21_043	0	1	0
StahlSS21_044	0	1	0
StahlSS21_045	0	1	0
StahlSS21_046	0	1	0
StahlSS21_048	0	1	0
StahlSS21_050	0	1	0
StahlSS21_052	0	1	0
StahlSS21_053	0	1	0
StahlSS21_054	0	1	0
StahlSS21_056	0	1	0
StahlSS21_058	0	1	0
StahlSS21_061	0	1	0
StahlSS21_062	0	1	0
StahlSS21_063	0	1	0
StahlSS21_064	0	1	0
StahlSS21_065	0	1	0
StahlSS21_067	0	1	0
StahlSS21_068	0	1	0
StahlSS21_069	0	1	0
StahlSS21_071	0	1	0
StahlSS21_072	0	1	0
StahlSS21_073	0	1	0
StahlSS21_074	0	1	0
StahlSS21_075_1	0	1	0
StahlSS21_075	0	1	0
StahlSS21_076	0	1	0
StahlSS21_077	0	1	0
StahlSS21_079	0	1	0
StahlSS21_081	0	1	0
StahlSS21_082	0	1	0
StahlSS21_083	0	1	0
StahlSS21_084	0	1	0
StahlSS21_085	0	1	0
StahlSS21_086	0	1	0
StahlSS21_087	0	1	0
StahlSS21_088_1	0	1	0
StahlSS21_088	0	1	0
StahlSS21_089	0	1	0
StahlSS21_090	0	1	0
StahlSS21_091	0	1	0
StahlSS21_092	0	1	0
StahlSS21_093	0	1	0
StahlSS21_094	0	1	0
StahlSS21_095	0	1	0
StahlSS21_096	0	1	0
StahlSS21_097	0	1	0
StahlSS21_099	0	1	0
StahlSS21_102	0	1	0
StahlSS21_103	0	1	0
Star_11_292	1	0	0
Star_11_293	1	0	0
Star_11_295	1	0	0
Star_11_296	1	0	0
Star_11_297	1	0	0
STHD_13_419	1	0	0
STHD_17_9436	1	0	0
STHD_17_9483	1	0	0
STHD_17_9508	1	0	0
Sull_SS17_169	0	1	0
SWH4_23_63	1	0	0
TC_15_05	1	0	0
TC_15_12	1	0	0
TeigeW30_12_01	1	0	0
TeigeW30_12_02	1	0	0
TeigeW30_12_03	1	0	0
TeigeW30_12_04	1	0	0
TeigeW30_12_05	1	0	0
TeigeW30_12_06	1	0	0
Ten_Sleep014	0	0	1
TenSleep_16_43	0	0	1
TenSleep_16_44	0	0	1
TenSleep_16_45	0	0	1
TenSleep_16_46	0	0	1
Troy_11_05	1	0	0
Troy_11_06	1	0	0
Troy_11_14	1	0	0
Troy_11_17	0.903179	0.0968213	0
Troy_11_22	1	0	0
Troy_11_23	0.923325	0	0.0766751
Troy_11_29	1	0	0
TS_014	0	0	1
UA11_23_011	1	0	0
UA11_23_038	1	0	0
UA11_23_039	1	0	0
UA11_23_040	1	0	0
UA11_23_041	1	0	0
UA11_23_042	1	0	0
UA11_23_057	1	0	0
UA11_23_058	1	0	0
UA11_23_059	1	0	0
UA11_23_060	1	0	0
UA11_23_061	1	0	0
UA11_23_062	1	0	0
UA11_23_139	1	0	0
UA9_18_01	1	0	0
UA9_18_02	1	0	0
UA9_18_03	1	0	0
UA9_18_04	1	0	0
UA9_18_05	1	0	0
UA9_18_06	1	0	0
UA9_18_07	1	0	0
UA9_18_08	1	0	0
UA9_18_09_1	1	0	0
UA9_18_09	1	0	0
UA9_18_10	1	0	0
UA9_18_11	1	0	0
UA9_18_12	1	0	0
UA9_18_13	1	0	0
UA9_18_14	1	0	0
UM42	1	0	0
UM_NA_18	1	0	0
UM_NA_42	1	0	0
UN76_22_01	1	0	0
UN76_22_02	1	0	0
UN76_22_03	1	0	0
UNFR35_15_634	1	0	0
UNFR35_15_635	1	0	0
UNFR35_15_639	1	0	0
UNFR38_15_390	1	0	0
UNFR38_15_391	1	0	0
UNFR38_15_392	1	0	0
UNFR58_15_593	1	0	0
UNFR58_15_596	1	0	0
UNFR58_15_603	1	0	0
UNFR58_15_606	1	0	0
UNFR61_15_408	1	0	0
UNFR61_15_411	1	0	0
UNFR61_15_412	1	0	0
UNFR66_15_631	1	0	0
UpperCedarLk_20_011	1	0	0
UpperCedarLk_20_012	1	0	0
UpperCedarLk_20_014	1	0	0
UpperCedarLk_20_015	1	0	0
UpperCedarLk_20_016	1	0	0
UpperCedarLk_20_017	1	0	0
UpperCedarLk_20_018	1	0	0
UpperCedarLk_20_019	1	0	0
UpperCedarLk_20_021	1	0	0
UpperCedarLk_20_022	1	0	0
UpperCedarLk_20_023	1	0	0
UpperCedarLk_20_024	1	0	0
UpperCedarLk_20_025	1	0	0
UpperCedarLk_20_026	1	0	0
UpperCedarLk_20_027	1	0	0
UpperCedarLk_20_028	1	0	0
UpperCedarLk_20_029	1	0	0
UpperCedarLk_20_030	1	0	0
UpW_17_07	1	0	0
UpW_17_08	1	0	0
UpW_17_09	1	0	0
UpW_17_10	1	0	0
UpW_17_11	1	0	0
UpW_17_12	1	0	0
UpW_17_13	1	0	0
UpW_17_14	1	0	0
UpW_17_15	1	0	0
UpWampus_17_01	1	0	0
UpWampus_17_02_1	1	0	0
UpWampus_17_02	1	0	0
UpWampus_17_03	1	0	0
UpWampus_17_04	1	0	0
UpWampus_17_05	1	0	0
UpWampus_17_06	1	0	0
UWH01_22_02	1	0	0
W12_12_01	1	0	0
W_14_008	0.500744	0.499256	0
W_14_015	0.506494	0.493506	0
W_14_038	0	1	0
W_14_111	0.503158	0.496842	0
W_14_113	1	0	0
W_14_302	0	1	0
W3_21_01	1	0	0
W42_12_02	1	0	0
W46_12_01	1	0	0
W46_12_02	1	0	0
W52_12_03	1	0	0
W52_12_04	1	0	0
Washoe13_02	0	1	0
WB_CB_0002	1	0	0
WB_MO_0001	1	0	0
Weasel_04_443	0	0	1
Weigle_17_075	1	0	0
Weigle_17_076	1	0	0
Weigle_17_079	1	0	0
Weigle_17_083	1	0	0
Weigle_17_084	1	0	0
Weigle_17_086	1	0	0
Weigle_17_087	1	0	0
Weigle_17_088	1	0	0
Willow_04_221	0	0	1
WMCC_14_01	1	0	0
WMCC_14_02	0.996743	0.00325733	0
WMCC_14_03	1	0	0
WMCC_14_04	1	0	0
WMCC_14_05	1	0	0
WMCC_14_06	1	0	0
WMCC_14_07	1	0	0
WMCC_14_08	1	0	0
WMCC_14_09	1	0	0
WMCC_14_10	1	0	0
WMCC_14_11	1	0	0
WMCC_14_12	1	0	0
WMCC_14_13	1	0	0
WMCC_14_14	1	0	0
WMCC_14_15	1	0	0
Wolf_17_241	1	0	0
Wolf_17_242	1	0	0
Wolf_17_243	1	0	0
Wolf_17_244	1	0	0
Wolf_17_245	1	0	0
Wolf_17_246	1	0	0
Wolf_17_247	1	0	0
Wolf_17_248	1	0	0
Wolf_17_249	1	0	0
Wolf_17_250	1	0	0
Wolf_20_045	1	0	0
Wolf_24_001	1	0	0
Wolf_24_002	1	0	0
Wolf_24_003	1	0	0
Wolf_24_004	1	0	0
Wolf_24_005	1	0	0
Wolf_24_006	1	0	0
Wolf_24_007	1	0	0
Wolf_24_008	1	0	0
Wolf_24_009	1	0	0
Wolf_24_010	1	0	0
Wolf_24_011	1	0	0
Wolf_24_012	1	0	0
Wolf_24_013	1	0	0
Wolf_24_014	1	0	0
Wolf_24_015	1	0	0
Wolf_24_016	1	0	0
Wolf_24_017	1	0	0
Wolf_24_018	1	0	0
Wolf_24_019	1	0	0
Wolf_24_020	1	0	0
Wolf_24_021	1	0	0
Wolf_24_022	1	0	0
Wolf_24_023	1	0	0
Wolf_24_024	1	0	0
Wolf_24_025	1	0	0
Wolf_24_026	1	0	0
Wolf_24_027	1	0	0
Wolf_24_028	1	0	0
Wolf_24_029	1	0	0
Wolf_24_030	1	0	0
Wolf_24_031	1	0	0
Wolf_24_032	1	0	0
Wolf_24_033	1	0	0
Wolf_24_034	1	0	0
Wolf_24_035	1	0	0
Wolf_24_036	1	0	0
Wolf_24_037	1	0	0
Wolf_24_038	1	0	0
Wolf_24_039	1	0	0
Wolf_24_040	1	0	0
Wolf_24_041	1	0	0
Wolf_24_042	1	0	0
Wolf_24_043	1	0	0
Wolf_24_044	1	0	0
Wolf_24_045	1	0	0
Wolf_24_046	1	0	0
Wolf_24_047	1	0	0
Wolf_24_048	1	0	0
Wolf_24_050	1	0	0
Wolf_24_051	1	0	0
Wolf_24_052	1	0	0
Wolf_24_055	1	0	0
Wolf_24_056	1	0	0
Wolf_24_057	1	0	0
Wolf_24_058	1	0	0
Wolf_24_059	1	0	0
Wolf_24_060	1	0	0
Wolf_24_061	1	0	0
Wolf_24_062	1	0	0
Wolf_24_063	1	0	0
Wolf_24_065	1	0	0
Wolf_24_066	1	0	0
Wolf_24_067	1	0	0
Wolf_24_068	1	0	0
Wolf_24_069	1	0	0
Wolf_24_070	1	0	0
Wolf_24_071	1	0	0
Wolf_24_072	1	0	0
Wolf_24_073	1	0	0
Wolf_24_074	1	0	0
Wolf_24_075	1	0	0
Wolf_24_076	1	0	0
Wolf_24_077	1	0	0
Wolf_24_078	1	0	0
Wolf_24_079	1	0	0
Wolf_24_080	1	0	0
Wolf_24_081	1	0	0
Wolf_24_082	1	0	0
Wolf_24_083	1	0	0
Wolf_24_084	1	0	0
Wolf_24_085	1	0	0
Wolf_24_086	1	0	0
Wolf_24_087	1	0	0
Wolf_24_088	1	0	0
Wolf_24_089	1	0	0
Wolf_24_090	1	0	0
Wolf_24_091	1	0	0
Wolf_24_092	1	0	0
Wolf_24_093	1	0	0
Wolf_24_094	1	0	0
Wolf_24_095	1	0	0
Wolf_24_096	1	0	0
Wolf_24_097	1	0	0
Wolf_24_098	1	0	0
Wolf_24_099	1	0	0
Wolf_24_100	1	0	0
Wolf_24_101	1	0	0
Wolf_24_102	1	0	0
Wolf_24_103	1	0	0
Wolf_24_104	1	0	0
Wolf_24_105	1	0	0
Wolf_24_106	1	0	0
Wolf_24_107	1	0	0
Wolf_24_108	1	0	0
Wolf_24_109	1	0	0
Wolf_24_110	1	0	0
Wolf_24_111	1	0	0
Wolf_24_112	1	0	0
Wolf_24_113	1	0	0
Wolf_24_114	1	0	0
Wolf_24_115	1	0	0
Wolf_24_116	1	0	0
Wolf_24_117	1	0	0
Wolf_24_118	1	0	0
Wolf_24_119	1	0	0
Wolf_24_120	1	0	0
Wolf_24_121	1	0	0
Wolf_24_122	1	0	0
Wolf_24_123	1	0	0
Wolf_24_124	1	0	0
Wolf_24_125	1	0	0
Wolf_24_126	1	0	0
Wolf_24_127	1	0	0
Wolf_24_128	1	0	0
Wolf_24_129	1	0	0
Wolf_24_130	1	0	0
Wolf_24_131	1	0	0
Wolf_24_132	1	0	0
Wolf_24_133	1	0	0
Wolf_24_134	1	0	0
Wolf_24_135	1	0	0
WolfCreek_20_001	1	0	0
WolfCreek_20_002	1	0	0
WolfCreek_20_003	1	0	0
WolfCreek_20_004	1	0	0
WolfCreek_20_005	1	0	0
WolfCreek_20_006	1	0	0
WolfCreek_20_007	1	0	0
WolfCreek_20_008	1	0	0
WolfCreek_20_009	1	0	0
WolfCreek_20_010	1	0	0
WolfCreek_20_011	1	0	0
WolfCreek_20_012	1	0	0
WolfCreek_20_013	1	0	0
WolfCreek_20_014	1	0	0
WolfCreek_20_015	1	0	0
WolfCreek_20_016	1	0	0
WolfCreek_20_017	1	0	0
WolfCreek_20_018	1	0	0
WolfCreek_20_019	1	0	0
WolfCreek_20_020	1	0	0
WolfCreek_20_021	1	0	0
WolfCreek_20_022	1	0	0
WolfCreek_20_023	1	0	0
WolfCreek_20_025	1	0	0
WolfCreek_20_026	1	0	0
WolfCreek_20_027	1	0	0
WolfCreek_20_028	1	0	0
WolfCreek_20_029	1	0	0
WolfCreek_20_030	1	0	0
WolfCreek_20_031	1	0	0
WolfCreek_20_032	1	0	0
WolfCreek_20_033	1	0	0
WolfCreek_20_034	1	0	0
WolfCreek_20_035	1	0	0
WolfCreek_20_036	1	0	0
WolfCreek_20_037	1	0	0
WolfCreek_20_038	1	0	0
WolfCreek_20_039	1	0	0
WolfCreek_20_040	1	0	0
WolfCreek_20_041	1	0	0
WolfCreek_20_042	1	0	0
WolfCreek_20_043	1	0	0
WolfCreek_20_044	1	0	0
WolfCreek_20_045	1	0	0
WolfCreek_20_046	1	0	0
WolfCreek_20_047	1	0	0
WolfCreek_20_048	1	0	0
WolfCreek_20_049	1	0	0
WolfCreek_20_050	1	0	0
WolfCreek_20_051	1	0	0
WolfCreek_20_052	1	0	0
WolfCreek_20_053	1	0	0
WolfCreek_20_055	1	0	0
WolfCreek_20_056	1	0	0
WolfCreek_20_057	1	0	0
WolfCreek_20_058	1	0	0
WolfCreek_20_059	1	0	0
WolfCreek_20_060	1	0	0
WolfCreek_20_061	1	0	0
WolfCreek_20_062	1	0	0
WolfCreek_20_063	1	0	0
WolfCreek_20_064	1	0	0
WolfCreek_20_065	1	0	0
WolfCreek_20_066	1	0	0
WolfCreek_20_067	1	0	0
WolfCreek_20_068	1	0	0
WolfCreek_20_069	1	0	0
WolfCreek_20_070	1	0	0
WolfCreek_20_071	1	0	0
WolfCreek_20_072	1	0	0
WolfCreek_20_073	1	0	0
WolfCreek_20_074	1	0	0
WolfCreek_20_075	1	0	0
WolfCreek_20_076	1	0	0
WolfCreek_20_077	1	0	0
WolfCreek_20_078	1	0	0
WolfCreek_20_080	1	0	0
WolfCreek_20_081	1	0	0
WolfCreek_20_082	1	0	0
WolfCreek_20_083	1	0	0
WolfCreek_20_084	1	0	0
WolfCreek_20_085	1	0	0
WolfCreek_20_086	1	0	0
WolfCreek_20_087	1	0	0
WolfCreek_20_088	1	0	0
WolfCreek_20_089	1	0	0
WolfCreek_20_090	1	0	0
WolfCreek_20_091	1	0	0
WolfCreek_20_092	1	0	0
WolfCreek_20_093	1	0	0
WolfCreek_20_094	1	0	0
WolfCreek_20_095	1	0	0
WolfCreek_20_096	1	0	0
WolfCreek_20_097	1	0	0
WolfCreek_20_098	1	0	0
WolfCreek_20_099	1	0	0
WolfCreek_20_100	1	0	0
YaakRBF_11_265	1	0	0
YaakRBF_11_282	1	0	0
YaakRBF_11_283	1	0	0
YaakRBF_11_284	1	0	0
YaakRBF_11_286	1	0	0
YaakRBF_11_287	1	0	0
YaakRBF_11_288	1	0	0
YaakRBF_11_289	1	0	0
YaakRBF_11_290	1	0	0
Yahk02	1	0	0
Yahk_09_02	1	0	0
Yahk0902	1	0	0
YSRCorwin_21_57	0	0	1
YSRCorwin_21_58	0	0	1
